question,Intent
តើលោកគ្រូលីហៀងគាត់ស្រាវជ្រាវលើអ្វី?,AskAboutResearcher
តើលោកគ្រូលីហៀងគាត់សិក្សាស្រាវជ្រាវលើអ្វី?,AskAboutResearcher
តើលោកគ្រូលីហៀងគាត់កំពុងស្រាវជ្រាវលើអ្វី?,AskAboutResearcher
ចុះលោកគ្រូលីហៀងResearchលើអ្វី?,AskAboutResearcher
ចុះលោកគ្រូលីហៀងResearchអ្វី?,AskAboutResearcher
ចុះលោកគ្រូលីហៀងResearchអ្វីខ្លះ?,AskAboutResearcher
ចុះលោកគ្រូលីហៀងកំពុងResearchលើអ្វី?,AskAboutResearcher
ចុះលោកគ្រូលីហៀងកំពុងResearchអ្វី?,AskAboutResearcher
ចុះលោកគ្រូលីហៀងកំពុងResearchអ្វីខ្លះ?,AskAboutResearcher
ចុះលោកគ្រូលីហៀងកំពុងស្រាវជ្រាវលើអ្វី?,AskAboutResearcher
ចុះលោកគ្រូលីហៀងកំពុងស្រាវជ្រាវអ្វី?,AskAboutResearcher
ចុះលោកគ្រូលីហៀងកំពុងស្រាវជ្រាវអ្វីខ្លះ?,AskAboutResearcher
ចុះលោកគ្រូលីហៀងគាត់Researchលើអ្វី?,AskAboutResearcher
ចុះលោកគ្រូលីហៀងគាត់Researchអ្វី?,AskAboutResearcher
ចុះលោកគ្រូលីហៀងគាត់Researchអ្វីខ្លះ?,AskAboutResearcher
ចុះលោកគ្រូលីហៀងគាត់កំពុងResearchលើអ្វី?,AskAboutResearcher
ចុះលោកគ្រូលីហៀងគាត់កំពុងResearchអ្វី?,AskAboutResearcher
ចុះលោកគ្រូលីហៀងគាត់កំពុងResearchអ្វីខ្លះ?,AskAboutResearcher
ចុះលោកគ្រូលីហៀងគាត់កំពុងស្រាវជ្រាវលើអ្វី?,AskAboutResearcher
ចុះលោកគ្រូលីហៀងគាត់កំពុងស្រាវជ្រាវអ្វី?,AskAboutResearcher
ចុះលោកគ្រូលីហៀងគាត់កំពុងស្រាវជ្រាវអ្វីខ្លះ?,AskAboutResearcher
ចុះលោកគ្រូលីហៀងគាត់ស្រាវជ្រាវលើអ្វី?,AskAboutResearcher
ចុះលោកគ្រូលីហៀងគាត់ស្រាវជ្រាវអ្វី?,AskAboutResearcher
ចុះលោកគ្រូលីហៀងគាត់ស្រាវជ្រាវអ្វីខ្លះ?,AskAboutResearcher
ចុះលោកគ្រូលីហៀងស្រាវជ្រាវលើអ្វី?,AskAboutResearcher
ចុះលោកគ្រូលីហៀងស្រាវជ្រាវអ្វី?,AskAboutResearcher
ចុះលោកគ្រូលីហៀងស្រាវជ្រាវអ្វីខ្លះ?,AskAboutResearcher
ចូលប្រាប់ខ្ញុំលោកគ្រូលីហៀងResearchលើអ្វី?,AskAboutResearcher
ចូលប្រាប់ខ្ញុំលោកគ្រូលីហៀងResearchអ្វី?,AskAboutResearcher
ចូលប្រាប់ខ្ញុំលោកគ្រូលីហៀងResearchអ្វីខ្លះ?,AskAboutResearcher
ចូលប្រាប់ខ្ញុំលោកគ្រូលីហៀងកំពុងResearchលើអ្វី?,AskAboutResearcher
ចូលប្រាប់ខ្ញុំលោកគ្រូលីហៀងកំពុងResearchអ្វី?,AskAboutResearcher
ចូលប្រាប់ខ្ញុំលោកគ្រូលីហៀងកំពុងResearchអ្វីខ្លះ?,AskAboutResearcher
ចូលប្រាប់ខ្ញុំលោកគ្រូលីហៀងកំពុងស្រាវជ្រាវលើអ្វី?,AskAboutResearcher
ចូលប្រាប់ខ្ញុំលោកគ្រូលីហៀងកំពុងស្រាវជ្រាវអ្វី?,AskAboutResearcher
ចូលប្រាប់ខ្ញុំលោកគ្រូលីហៀងកំពុងស្រាវជ្រាវអ្វីខ្លះ?,AskAboutResearcher
ចូលប្រាប់ខ្ញុំលោកគ្រូលីហៀងគាត់Researchលើអ្វី?,AskAboutResearcher
ចូលប្រាប់ខ្ញុំលោកគ្រូលីហៀងគាត់Researchអ្វី?,AskAboutResearcher
ចូលប្រាប់ខ្ញុំលោកគ្រូលីហៀងគាត់Researchអ្វីខ្លះ?,AskAboutResearcher
ចូលប្រាប់ខ្ញុំលោកគ្រូលីហៀងគាត់កំពុងResearchលើអ្វី?,AskAboutResearcher
ចូលប្រាប់ខ្ញុំលោកគ្រូលីហៀងគាត់កំពុងResearchអ្វី?,AskAboutResearcher
ចូលប្រាប់ខ្ញុំលោកគ្រូលីហៀងគាត់កំពុងResearchអ្វីខ្លះ?,AskAboutResearcher
ចូលប្រាប់ខ្ញុំលោកគ្រូលីហៀងគាត់កំពុងស្រាវជ្រាវលើអ្វី?,AskAboutResearcher
ចូលប្រាប់ខ្ញុំលោកគ្រូលីហៀងគាត់កំពុងស្រាវជ្រាវអ្វី?,AskAboutResearcher
ចូលប្រាប់ខ្ញុំលោកគ្រូលីហៀងគាត់កំពុងស្រាវជ្រាវអ្វីខ្លះ?,AskAboutResearcher
ចូលប្រាប់ខ្ញុំលោកគ្រូលីហៀងគាត់ស្រាវជ្រាវលើអ្វី?,AskAboutResearcher
ចូលប្រាប់ខ្ញុំលោកគ្រូលីហៀងគាត់ស្រាវជ្រាវអ្វី?,AskAboutResearcher
ចូលប្រាប់ខ្ញុំលោកគ្រូលីហៀងគាត់ស្រាវជ្រាវអ្វីខ្លះ?,AskAboutResearcher
ចូលប្រាប់ខ្ញុំលោកគ្រូលីហៀងស្រាវជ្រាវលើអ្វី?,AskAboutResearcher
ចូលប្រាប់ខ្ញុំលោកគ្រូលីហៀងស្រាវជ្រាវអ្វី?,AskAboutResearcher
ចូលប្រាប់ខ្ញុំលោកគ្រូលីហៀងស្រាវជ្រាវអ្វីខ្លះ?,AskAboutResearcher
តើលោកគ្រូលីហៀងResearchលើអ្វី?,AskAboutResearcher
តើលោកគ្រូលីហៀងResearchអ្វី?,AskAboutResearcher
តើលោកគ្រូលីហៀងResearchអ្វីខ្លះ?,AskAboutResearcher
តើលោកគ្រូលីហៀងកំពុងResearchលើអ្វី?,AskAboutResearcher
តើលោកគ្រូលីហៀងកំពុងResearchអ្វី?,AskAboutResearcher
តើលោកគ្រូលីហៀងកំពុងResearchអ្វីខ្លះ?,AskAboutResearcher
តើលោកគ្រូលីហៀងកំពុងស្រាវជ្រាវលើអ្វី?,AskAboutResearcher
តើលោកគ្រូលីហៀងកំពុងស្រាវជ្រាវអ្វី?,AskAboutResearcher
តើលោកគ្រូលីហៀងកំពុងស្រាវជ្រាវអ្វីខ្លះ?,AskAboutResearcher
តើលោកគ្រូលីហៀងគាត់Researchលើអ្វី?,AskAboutResearcher
តើលោកគ្រូលីហៀងគាត់Researchអ្វី?,AskAboutResearcher
តើលោកគ្រូលីហៀងគាត់Researchអ្វីខ្លះ?,AskAboutResearcher
តើលោកគ្រូលីហៀងគាត់កំពុងResearchលើអ្វី?,AskAboutResearcher
តើលោកគ្រូលីហៀងគាត់កំពុងResearchអ្វី?,AskAboutResearcher
តើលោកគ្រូលីហៀងគាត់កំពុងResearchអ្វីខ្លះ?,AskAboutResearcher
តើលោកគ្រូលីហៀងគាត់កំពុងស្រាវជ្រាវលើអ្វី?,AskAboutResearcher
តើលោកគ្រូលីហៀងគាត់កំពុងស្រាវជ្រាវអ្វី?,AskAboutResearcher
តើលោកគ្រូលីហៀងគាត់កំពុងស្រាវជ្រាវអ្វីខ្លះ?,AskAboutResearcher
តើលោកគ្រូលីហៀងគាត់ស្រាវជ្រាវលើអ្វី?,AskAboutResearcher
តើលោកគ្រូលីហៀងគាត់ស្រាវជ្រាវអ្វី?,AskAboutResearcher
តើលោកគ្រូលីហៀងគាត់ស្រាវជ្រាវអ្វីខ្លះ?,AskAboutResearcher
តើលោកគ្រូលីហៀងស្រាវជ្រាវលើអ្វី?,AskAboutResearcher
តើលោកគ្រូលីហៀងស្រាវជ្រាវអ្វី?,AskAboutResearcher
តើលោកគ្រូលីហៀងស្រាវជ្រាវអ្វីខ្លះ?,AskAboutResearcher
ប្រាប់លោកគ្រូលីហៀងResearchលើអ្វី?,AskAboutResearcher
ប្រាប់លោកគ្រូលីហៀងResearchអ្វី?,AskAboutResearcher
ប្រាប់លោកគ្រូលីហៀងResearchអ្វីខ្លះ?,AskAboutResearcher
ប្រាប់លោកគ្រូលីហៀងកំពុងResearchលើអ្វី?,AskAboutResearcher
ប្រាប់លោកគ្រូលីហៀងកំពុងResearchអ្វី?,AskAboutResearcher
ប្រាប់លោកគ្រូលីហៀងកំពុងResearchអ្វីខ្លះ?,AskAboutResearcher
ប្រាប់លោកគ្រូលីហៀងកំពុងស្រាវជ្រាវលើអ្វី?,AskAboutResearcher
ប្រាប់លោកគ្រូលីហៀងកំពុងស្រាវជ្រាវអ្វី?,AskAboutResearcher
ប្រាប់លោកគ្រូលីហៀងកំពុងស្រាវជ្រាវអ្វីខ្លះ?,AskAboutResearcher
ប្រាប់លោកគ្រូលីហៀងគាត់Researchលើអ្វី?,AskAboutResearcher
ប្រាប់លោកគ្រូលីហៀងគាត់Researchអ្វី?,AskAboutResearcher
ប្រាប់លោកគ្រូលីហៀងគាត់Researchអ្វីខ្លះ?,AskAboutResearcher
ប្រាប់លោកគ្រូលីហៀងគាត់កំពុងResearchលើអ្វី?,AskAboutResearcher
ប្រាប់លោកគ្រូលីហៀងគាត់កំពុងResearchអ្វី?,AskAboutResearcher
ប្រាប់លោកគ្រូលីហៀងគាត់កំពុងResearchអ្វីខ្លះ?,AskAboutResearcher
ប្រាប់លោកគ្រូលីហៀងគាត់កំពុងស្រាវជ្រាវលើអ្វី?,AskAboutResearcher
ប្រាប់លោកគ្រូលីហៀងគាត់កំពុងស្រាវជ្រាវអ្វី?,AskAboutResearcher
ប្រាប់លោកគ្រូលីហៀងគាត់កំពុងស្រាវជ្រាវអ្វីខ្លះ?,AskAboutResearcher
ប្រាប់លោកគ្រូលីហៀងគាត់ស្រាវជ្រាវលើអ្វី?,AskAboutResearcher
ប្រាប់លោកគ្រូលីហៀងគាត់ស្រាវជ្រាវអ្វី?,AskAboutResearcher
ប្រាប់លោកគ្រូលីហៀងគាត់ស្រាវជ្រាវអ្វីខ្លះ?,AskAboutResearcher
ប្រាប់លោកគ្រូលីហៀងស្រាវជ្រាវលើអ្វី?,AskAboutResearcher
ប្រាប់លោកគ្រូលីហៀងស្រាវជ្រាវអ្វី?,AskAboutResearcher
ប្រាប់លោកគ្រូលីហៀងស្រាវជ្រាវអ្វីខ្លះ?,AskAboutResearcher
ប្រាប់ខ្ញុំលោកគ្រូលីហៀងResearchលើអ្វី?,AskAboutResearcher
ប្រាប់ខ្ញុំលោកគ្រូលីហៀងResearchអ្វី?,AskAboutResearcher
ប្រាប់ខ្ញុំលោកគ្រូលីហៀងResearchអ្វីខ្លះ?,AskAboutResearcher
ប្រាប់ខ្ញុំលោកគ្រូលីហៀងកំពុងResearchលើអ្វី?,AskAboutResearcher
ប្រាប់ខ្ញុំលោកគ្រូលីហៀងកំពុងResearchអ្វី?,AskAboutResearcher
ប្រាប់ខ្ញុំលោកគ្រូលីហៀងកំពុងResearchអ្វីខ្លះ?,AskAboutResearcher
ប្រាប់ខ្ញុំលោកគ្រូលីហៀងកំពុងស្រាវជ្រាវលើអ្វី?,AskAboutResearcher
ប្រាប់ខ្ញុំលោកគ្រូលីហៀងកំពុងស្រាវជ្រាវអ្វី?,AskAboutResearcher
ប្រាប់ខ្ញុំលោកគ្រូលីហៀងកំពុងស្រាវជ្រាវអ្វីខ្លះ?,AskAboutResearcher
ប្រាប់ខ្ញុំលោកគ្រូលីហៀងគាត់Researchលើអ្វី?,AskAboutResearcher
ប្រាប់ខ្ញុំលោកគ្រូលីហៀងគាត់Researchអ្វី?,AskAboutResearcher
ប្រាប់ខ្ញុំលោកគ្រូលីហៀងគាត់Researchអ្វីខ្លះ?,AskAboutResearcher
ប្រាប់ខ្ញុំលោកគ្រូលីហៀងគាត់កំពុងResearchលើអ្វី?,AskAboutResearcher
ប្រាប់ខ្ញុំលោកគ្រូលីហៀងគាត់កំពុងResearchអ្វី?,AskAboutResearcher
ប្រាប់ខ្ញុំលោកគ្រូលីហៀងគាត់កំពុងResearchអ្វីខ្លះ?,AskAboutResearcher
ប្រាប់ខ្ញុំលោកគ្រូលីហៀងគាត់កំពុងស្រាវជ្រាវលើអ្វី?,AskAboutResearcher
ប្រាប់ខ្ញុំលោកគ្រូលីហៀងគាត់កំពុងស្រាវជ្រាវអ្វី?,AskAboutResearcher
ប្រាប់ខ្ញុំលោកគ្រូលីហៀងគាត់កំពុងស្រាវជ្រាវអ្វីខ្លះ?,AskAboutResearcher
ប្រាប់ខ្ញុំលោកគ្រូលីហៀងគាត់ស្រាវជ្រាវលើអ្វី?,AskAboutResearcher
ប្រាប់ខ្ញុំលោកគ្រូលីហៀងគាត់ស្រាវជ្រាវអ្វី?,AskAboutResearcher
ប្រាប់ខ្ញុំលោកគ្រូលីហៀងគាត់ស្រាវជ្រាវអ្វីខ្លះ?,AskAboutResearcher
ប្រាប់ខ្ញុំលោកគ្រូលីហៀងស្រាវជ្រាវលើអ្វី?,AskAboutResearcher
ប្រាប់ខ្ញុំលោកគ្រូលីហៀងស្រាវជ្រាវអ្វី?,AskAboutResearcher
ប្រាប់ខ្ញុំលោកគ្រូលីហៀងស្រាវជ្រាវអ្វីខ្លះ?,AskAboutResearcher