question, Intent
តើពាណិជ្ជកម្មអេឡិចត្រូនិចសិក្សាអ្វីខ្លះ,FindECInfo
តើពាណិជ្ជកម្មអេឡិចត្រូនិចជាអ្វី?,FindECInfo
តើពាណិជ្ជកម្មអេឡិចត្រូនិចជាអ្វីទៅ?,FindECInfo
តើពាណិជ្ជកម្មអេឡិចត្រូនិចគឺជាអ្វី?,FindECInfo
តើពាណិជ្ជកម្មអេឡិចត្រូនិចសំដៅទៅលើអ្វី?,FindECInfo
តើពាណិជ្ជកម្មអេឡិចត្រូនិចរៀនប៉ុន្មានឆ្នាំ,FindECInfo
តើពាណិជ្ជកម្មអេឡិចត្រូនិចរៀនប៉ុន្មានឆមាស,FindECInfo
តើពាណិជ្ជកម្មអេឡិចត្រូនិចរៀនប៉ុន្មានត្រីមាស,FindECInfo
តើពាណិជ្ជកម្មអេឡិចត្រូនិចគេរៀនពីអ្វី,FindECInfo
តើពាណិជ្ជកម្មអេឡិចត្រូនិចរៀនពីអ្វីទៅ,FindECInfo
តើពាណិជ្ជកម្មអេឡិចត្រូនិចហ្នឹងសិក្សាអ្វីខ្លះ,FindECInfo
តើពាណិជ្ជកម្មអេឡិចត្រូនិចហ្នឹងជាអ្វី?,FindECInfo
តើពាណិជ្ជកម្មអេឡិចត្រូនិចហ្នឹងជាអ្វីទៅ?,FindECInfo
តើពាណិជ្ជកម្មអេឡិចត្រូនិចហ្នឹងគឺជាអ្វី?,FindECInfo
តើពាណិជ្ជកម្មអេឡិចត្រូនិចហ្នឹងសំដៅទៅលើអ្វី?,FindECInfo
តើពាណិជ្ជកម្មអេឡិចត្រូនិចហ្នឹងរៀនប៉ុន្មានឆ្នាំ,FindECInfo
តើពាណិជ្ជកម្មអេឡិចត្រូនិចហ្នឹងរៀនប៉ុន្មានឆមាស,FindECInfo
តើពាណិជ្ជកម្មអេឡិចត្រូនិចហ្នឹងរៀនប៉ុន្មានត្រីមាស,FindECInfo
តើពាណិជ្ជកម្មអេឡិចត្រូនិចហ្នឹងគេរៀនពីអ្វី,FindECInfo
តើពាណិជ្ជកម្មអេឡិចត្រូនិចហ្នឹងរៀនពីអ្វីទៅ,FindECInfo
តើE-Commerceសិក្សាអ្វីខ្លះ,FindECInfo
តើE-Commerceជាអ្វី?,FindECInfo
តើE-Commerceជាអ្វីទៅ?,FindECInfo
តើE-Commerceគឺជាអ្វី?,FindECInfo
តើE-Commerceសំដៅទៅលើអ្វី?,FindECInfo
តើE-Commerceរៀនប៉ុន្មានឆ្នាំ,FindECInfo
តើE-Commerceរៀនប៉ុន្មានឆមាស,FindECInfo
តើE-Commerceរៀនប៉ុន្មានត្រីមាស,FindECInfo
តើE-Commerceគេរៀនពីអ្វី,FindECInfo
តើE-Commerceរៀនពីអ្វីទៅ,FindECInfo
តើE-Commerceហ្នឹងសិក្សាអ្វីខ្លះ,FindECInfo
តើE-Commerceហ្នឹងជាអ្វី?,FindECInfo
តើE-Commerceហ្នឹងជាអ្វីទៅ?,FindECInfo
តើE-Commerceហ្នឹងគឺជាអ្វី?,FindECInfo
តើE-Commerceហ្នឹងសំដៅទៅលើអ្វី?,FindECInfo
តើE-Commerceហ្នឹងរៀនប៉ុន្មានឆ្នាំ,FindECInfo
តើE-Commerceហ្នឹងរៀនប៉ុន្មានឆមាស,FindECInfo
តើE-Commerceហ្នឹងរៀនប៉ុន្មានត្រីមាស,FindECInfo
តើE-Commerceហ្នឹងគេរៀនពីអ្វី,FindECInfo
តើE-Commerceហ្នឹងរៀនពីអ្វីទៅ,FindECInfo
តើអ៉ីស៉ីសិក្សាអ្វីខ្លះ,FindECInfo
តើអ៉ីស៉ីជាអ្វី?,FindECInfo
តើអ៉ីស៉ីជាអ្វីទៅ?,FindECInfo
តើអ៉ីស៉ីគឺជាអ្វី?,FindECInfo
តើអ៉ីស៉ីសំដៅទៅលើអ្វី?,FindECInfo
តើអ៉ីស៉ីរៀនប៉ុន្មានឆ្នាំ,FindECInfo
តើអ៉ីស៉ីរៀនប៉ុន្មានឆមាស,FindECInfo
តើអ៉ីស៉ីរៀនប៉ុន្មានត្រីមាស,FindECInfo
តើអ៉ីស៉ីគេរៀនពីអ្វី,FindECInfo
តើអ៉ីស៉ីរៀនពីអ្វីទៅ,FindECInfo
តើអ៉ីស៉ីហ្នឹងសិក្សាអ្វីខ្លះ,FindECInfo
តើអ៉ីស៉ីហ្នឹងជាអ្វី?,FindECInfo
តើអ៉ីស៉ីហ្នឹងជាអ្វីទៅ?,FindECInfo
តើអ៉ីស៉ីហ្នឹងគឺជាអ្វី?,FindECInfo
តើអ៉ីស៉ីហ្នឹងសំដៅទៅលើអ្វី?,FindECInfo
តើអ៉ីស៉ីហ្នឹងរៀនប៉ុន្មានឆ្នាំ,FindECInfo
តើអ៉ីស៉ីហ្នឹងរៀនប៉ុន្មានឆមាស,FindECInfo
តើអ៉ីស៉ីហ្នឹងរៀនប៉ុន្មានត្រីមាស,FindECInfo
តើអ៉ីស៉ីហ្នឹងគេរៀនពីអ្វី,FindECInfo
តើអ៉ីស៉ីហ្នឹងរៀនពីអ្វីទៅ,FindECInfo
តើECសិក្សាអ្វីខ្លះ,FindECInfo
តើECជាអ្វី?,FindECInfo
តើECជាអ្វីទៅ?,FindECInfo
តើECគឺជាអ្វី?,FindECInfo
តើECសំដៅទៅលើអ្វី?,FindECInfo
តើECរៀនប៉ុន្មានឆ្នាំ,FindECInfo
តើECរៀនប៉ុន្មានឆមាស,FindECInfo
តើECរៀនប៉ុន្មានត្រីមាស,FindECInfo
តើECគេរៀនពីអ្វី,FindECInfo
តើECរៀនពីអ្វីទៅ,FindECInfo
តើECហ្នឹងសិក្សាអ្វីខ្លះ,FindECInfo
តើECហ្នឹងជាអ្វី?,FindECInfo
តើECហ្នឹងជាអ្វីទៅ?,FindECInfo
តើECហ្នឹងគឺជាអ្វី?,FindECInfo
តើECហ្នឹងសំដៅទៅលើអ្វី?,FindECInfo
តើECហ្នឹងរៀនប៉ុន្មានឆ្នាំ,FindECInfo
តើECហ្នឹងរៀនប៉ុន្មានឆមាស,FindECInfo
តើECហ្នឹងរៀនប៉ុន្មានត្រីមាស,FindECInfo
តើECហ្នឹងគេរៀនពីអ្វី,FindECInfo
តើECហ្នឹងរៀនពីអ្វីទៅ,FindECInfo
តើប្រាប់បានទេថាពាណិជ្ជកម្មអេឡិចត្រូនិចសិក្សាអ្វីខ្លះ,FindECInfo
តើប្រាប់បានទេថាពាណិជ្ជកម្មអេឡិចត្រូនិចជាអ្វី?,FindECInfo
តើប្រាប់បានទេថាពាណិជ្ជកម្មអេឡិចត្រូនិចជាអ្វីទៅ?,FindECInfo
តើប្រាប់បានទេថាពាណិជ្ជកម្មអេឡិចត្រូនិចគឺជាអ្វី?,FindECInfo
តើប្រាប់បានទេថាពាណិជ្ជកម្មអេឡិចត្រូនិចសំដៅទៅលើអ្វី?,FindECInfo
តើប្រាប់បានទេថាពាណិជ្ជកម្មអេឡិចត្រូនិចរៀនប៉ុន្មានឆ្នាំ,FindECInfo
តើប្រាប់បានទេថាពាណិជ្ជកម្មអេឡិចត្រូនិចរៀនប៉ុន្មានឆមាស,FindECInfo
តើប្រាប់បានទេថាពាណិជ្ជកម្មអេឡិចត្រូនិចរៀនប៉ុន្មានត្រីមាស,FindECInfo
តើប្រាប់បានទេថាពាណិជ្ជកម្មអេឡិចត្រូនិចគេរៀនពីអ្វី,FindECInfo
តើប្រាប់បានទេថាពាណិជ្ជកម្មអេឡិចត្រូនិចរៀនពីអ្វីទៅ,FindECInfo
តើប្រាប់បានទេថាពាណិជ្ជកម្មអេឡិចត្រូនិចហ្នឹងសិក្សាអ្វីខ្លះ,FindECInfo
តើប្រាប់បានទេថាពាណិជ្ជកម្មអេឡិចត្រូនិចហ្នឹងជាអ្វី?,FindECInfo
តើប្រាប់បានទេថាពាណិជ្ជកម្មអេឡិចត្រូនិចហ្នឹងជាអ្វីទៅ?,FindECInfo
តើប្រាប់បានទេថាពាណិជ្ជកម្មអេឡិចត្រូនិចហ្នឹងគឺជាអ្វី?,FindECInfo
តើប្រាប់បានទេថាពាណិជ្ជកម្មអេឡិចត្រូនិចហ្នឹងសំដៅទៅលើអ្វី?,FindECInfo
តើប្រាប់បានទេថាពាណិជ្ជកម្មអេឡិចត្រូនិចហ្នឹងរៀនប៉ុន្មានឆ្នាំ,FindECInfo
តើប្រាប់បានទេថាពាណិជ្ជកម្មអេឡិចត្រូនិចហ្នឹងរៀនប៉ុន្មានឆមាស,FindECInfo
តើប្រាប់បានទេថាពាណិជ្ជកម្មអេឡិចត្រូនិចហ្នឹងរៀនប៉ុន្មានត្រីមាស,FindECInfo
តើប្រាប់បានទេថាពាណិជ្ជកម្មអេឡិចត្រូនិចហ្នឹងគេរៀនពីអ្វី,FindECInfo
តើប្រាប់បានទេថាពាណិជ្ជកម្មអេឡិចត្រូនិចហ្នឹងរៀនពីអ្វីទៅ,FindECInfo
តើប្រាប់បានទេថាE-Commerceសិក្សាអ្វីខ្លះ,FindECInfo
តើប្រាប់បានទេថាE-Commerceជាអ្វី?,FindECInfo
តើប្រាប់បានទេថាE-Commerceជាអ្វីទៅ?,FindECInfo
តើប្រាប់បានទេថាE-Commerceគឺជាអ្វី?,FindECInfo
តើប្រាប់បានទេថាE-Commerceសំដៅទៅលើអ្វី?,FindECInfo
តើប្រាប់បានទេថាE-Commerceរៀនប៉ុន្មានឆ្នាំ,FindECInfo
តើប្រាប់បានទេថាE-Commerceរៀនប៉ុន្មានឆមាស,FindECInfo
តើប្រាប់បានទេថាE-Commerceរៀនប៉ុន្មានត្រីមាស,FindECInfo
តើប្រាប់បានទេថាE-Commerceគេរៀនពីអ្វី,FindECInfo
តើប្រាប់បានទេថាE-Commerceរៀនពីអ្វីទៅ,FindECInfo
តើប្រាប់បានទេថាE-Commerceហ្នឹងសិក្សាអ្វីខ្លះ,FindECInfo
តើប្រាប់បានទេថាE-Commerceហ្នឹងជាអ្វី?,FindECInfo
តើប្រាប់បានទេថាE-Commerceហ្នឹងជាអ្វីទៅ?,FindECInfo
តើប្រាប់បានទេថាE-Commerceហ្នឹងគឺជាអ្វី?,FindECInfo
តើប្រាប់បានទេថាE-Commerceហ្នឹងសំដៅទៅលើអ្វី?,FindECInfo
តើប្រាប់បានទេថាE-Commerceហ្នឹងរៀនប៉ុន្មានឆ្នាំ,FindECInfo
តើប្រាប់បានទេថាE-Commerceហ្នឹងរៀនប៉ុន្មានឆមាស,FindECInfo
តើប្រាប់បានទេថាE-Commerceហ្នឹងរៀនប៉ុន្មានត្រីមាស,FindECInfo
តើប្រាប់បានទេថាE-Commerceហ្នឹងគេរៀនពីអ្វី,FindECInfo
តើប្រាប់បានទេថាE-Commerceហ្នឹងរៀនពីអ្វីទៅ,FindECInfo
តើប្រាប់បានទេថាអ៉ីស៉ីសិក្សាអ្វីខ្លះ,FindECInfo
តើប្រាប់បានទេថាអ៉ីស៉ីជាអ្វី?,FindECInfo
តើប្រាប់បានទេថាអ៉ីស៉ីជាអ្វីទៅ?,FindECInfo
តើប្រាប់បានទេថាអ៉ីស៉ីគឺជាអ្វី?,FindECInfo
តើប្រាប់បានទេថាអ៉ីស៉ីសំដៅទៅលើអ្វី?,FindECInfo
តើប្រាប់បានទេថាអ៉ីស៉ីរៀនប៉ុន្មានឆ្នាំ,FindECInfo
តើប្រាប់បានទេថាអ៉ីស៉ីរៀនប៉ុន្មានឆមាស,FindECInfo
តើប្រាប់បានទេថាអ៉ីស៉ីរៀនប៉ុន្មានត្រីមាស,FindECInfo
តើប្រាប់បានទេថាអ៉ីស៉ីគេរៀនពីអ្វី,FindECInfo
តើប្រាប់បានទេថាអ៉ីស៉ីរៀនពីអ្វីទៅ,FindECInfo
តើប្រាប់បានទេថាអ៉ីស៉ីហ្នឹងសិក្សាអ្វីខ្លះ,FindECInfo
តើប្រាប់បានទេថាអ៉ីស៉ីហ្នឹងជាអ្វី?,FindECInfo
តើប្រាប់បានទេថាអ៉ីស៉ីហ្នឹងជាអ្វីទៅ?,FindECInfo
តើប្រាប់បានទេថាអ៉ីស៉ីហ្នឹងគឺជាអ្វី?,FindECInfo
តើប្រាប់បានទេថាអ៉ីស៉ីហ្នឹងសំដៅទៅលើអ្វី?,FindECInfo
តើប្រាប់បានទេថាអ៉ីស៉ីហ្នឹងរៀនប៉ុន្មានឆ្នាំ,FindECInfo
តើប្រាប់បានទេថាអ៉ីស៉ីហ្នឹងរៀនប៉ុន្មានឆមាស,FindECInfo
តើប្រាប់បានទេថាអ៉ីស៉ីហ្នឹងរៀនប៉ុន្មានត្រីមាស,FindECInfo
តើប្រាប់បានទេថាអ៉ីស៉ីហ្នឹងគេរៀនពីអ្វី,FindECInfo
តើប្រាប់បានទេថាអ៉ីស៉ីហ្នឹងរៀនពីអ្វីទៅ,FindECInfo
តើប្រាប់បានទេថាECសិក្សាអ្វីខ្លះ,FindECInfo
តើប្រាប់បានទេថាECជាអ្វី?,FindECInfo
តើប្រាប់បានទេថាECជាអ្វីទៅ?,FindECInfo
តើប្រាប់បានទេថាECគឺជាអ្វី?,FindECInfo
តើប្រាប់បានទេថាECសំដៅទៅលើអ្វី?,FindECInfo
តើប្រាប់បានទេថាECរៀនប៉ុន្មានឆ្នាំ,FindECInfo
តើប្រាប់បានទេថាECរៀនប៉ុន្មានឆមាស,FindECInfo
តើប្រាប់បានទេថាECរៀនប៉ុន្មានត្រីមាស,FindECInfo
តើប្រាប់បានទេថាECគេរៀនពីអ្វី,FindECInfo
តើប្រាប់បានទេថាECរៀនពីអ្វីទៅ,FindECInfo
តើប្រាប់បានទេថាECហ្នឹងសិក្សាអ្វីខ្លះ,FindECInfo
តើប្រាប់បានទេថាECហ្នឹងជាអ្វី?,FindECInfo
តើប្រាប់បានទេថាECហ្នឹងជាអ្វីទៅ?,FindECInfo
តើប្រាប់បានទេថាECហ្នឹងគឺជាអ្វី?,FindECInfo
តើប្រាប់បានទេថាECហ្នឹងសំដៅទៅលើអ្វី?,FindECInfo
តើប្រាប់បានទេថាECហ្នឹងរៀនប៉ុន្មានឆ្នាំ,FindECInfo
តើប្រាប់បានទេថាECហ្នឹងរៀនប៉ុន្មានឆមាស,FindECInfo
តើប្រាប់បានទេថាECហ្នឹងរៀនប៉ុន្មានត្រីមាស,FindECInfo
តើប្រាប់បានទេថាECហ្នឹងគេរៀនពីអ្វី,FindECInfo
តើប្រាប់បានទេថាECហ្នឹងរៀនពីអ្វីទៅ,FindECInfo
តើខ្ញុំចង់ដឹងថាពាណិជ្ជកម្មអេឡិចត្រូនិចសិក្សាអ្វីខ្លះ,FindECInfo
តើខ្ញុំចង់ដឹងថាពាណិជ្ជកម្មអេឡិចត្រូនិចជាអ្វី?,FindECInfo
តើខ្ញុំចង់ដឹងថាពាណិជ្ជកម្មអេឡិចត្រូនិចជាអ្វីទៅ?,FindECInfo
តើខ្ញុំចង់ដឹងថាពាណិជ្ជកម្មអេឡិចត្រូនិចគឺជាអ្វី?,FindECInfo
តើខ្ញុំចង់ដឹងថាពាណិជ្ជកម្មអេឡិចត្រូនិចសំដៅទៅលើអ្វី?,FindECInfo
តើខ្ញុំចង់ដឹងថាពាណិជ្ជកម្មអេឡិចត្រូនិចរៀនប៉ុន្មានឆ្នាំ,FindECInfo
តើខ្ញុំចង់ដឹងថាពាណិជ្ជកម្មអេឡិចត្រូនិចរៀនប៉ុន្មានឆមាស,FindECInfo
តើខ្ញុំចង់ដឹងថាពាណិជ្ជកម្មអេឡិចត្រូនិចរៀនប៉ុន្មានត្រីមាស,FindECInfo
តើខ្ញុំចង់ដឹងថាពាណិជ្ជកម្មអេឡិចត្រូនិចគេរៀនពីអ្វី,FindECInfo
តើខ្ញុំចង់ដឹងថាពាណិជ្ជកម្មអេឡិចត្រូនិចរៀនពីអ្វីទៅ,FindECInfo
តើខ្ញុំចង់ដឹងថាពាណិជ្ជកម្មអេឡិចត្រូនិចហ្នឹងសិក្សាអ្វីខ្លះ,FindECInfo
តើខ្ញុំចង់ដឹងថាពាណិជ្ជកម្មអេឡិចត្រូនិចហ្នឹងជាអ្វី?,FindECInfo
តើខ្ញុំចង់ដឹងថាពាណិជ្ជកម្មអេឡិចត្រូនិចហ្នឹងជាអ្វីទៅ?,FindECInfo
តើខ្ញុំចង់ដឹងថាពាណិជ្ជកម្មអេឡិចត្រូនិចហ្នឹងគឺជាអ្វី?,FindECInfo
តើខ្ញុំចង់ដឹងថាពាណិជ្ជកម្មអេឡិចត្រូនិចហ្នឹងសំដៅទៅលើអ្វី?,FindECInfo
តើខ្ញុំចង់ដឹងថាពាណិជ្ជកម្មអេឡិចត្រូនិចហ្នឹងរៀនប៉ុន្មានឆ្នាំ,FindECInfo
តើខ្ញុំចង់ដឹងថាពាណិជ្ជកម្មអេឡិចត្រូនិចហ្នឹងរៀនប៉ុន្មានឆមាស,FindECInfo
តើខ្ញុំចង់ដឹងថាពាណិជ្ជកម្មអេឡិចត្រូនិចហ្នឹងរៀនប៉ុន្មានត្រីមាស,FindECInfo
តើខ្ញុំចង់ដឹងថាពាណិជ្ជកម្មអេឡិចត្រូនិចហ្នឹងគេរៀនពីអ្វី,FindECInfo
តើខ្ញុំចង់ដឹងថាពាណិជ្ជកម្មអេឡិចត្រូនិចហ្នឹងរៀនពីអ្វីទៅ,FindECInfo
តើខ្ញុំចង់ដឹងថាE-Commerceសិក្សាអ្វីខ្លះ,FindECInfo
តើខ្ញុំចង់ដឹងថាE-Commerceជាអ្វី?,FindECInfo
តើខ្ញុំចង់ដឹងថាE-Commerceជាអ្វីទៅ?,FindECInfo
តើខ្ញុំចង់ដឹងថាE-Commerceគឺជាអ្វី?,FindECInfo
តើខ្ញុំចង់ដឹងថាE-Commerceសំដៅទៅលើអ្វី?,FindECInfo
តើខ្ញុំចង់ដឹងថាE-Commerceរៀនប៉ុន្មានឆ្នាំ,FindECInfo
តើខ្ញុំចង់ដឹងថាE-Commerceរៀនប៉ុន្មានឆមាស,FindECInfo
តើខ្ញុំចង់ដឹងថាE-Commerceរៀនប៉ុន្មានត្រីមាស,FindECInfo
តើខ្ញុំចង់ដឹងថាE-Commerceគេរៀនពីអ្វី,FindECInfo
តើខ្ញុំចង់ដឹងថាE-Commerceរៀនពីអ្វីទៅ,FindECInfo
តើខ្ញុំចង់ដឹងថាE-Commerceហ្នឹងសិក្សាអ្វីខ្លះ,FindECInfo
តើខ្ញុំចង់ដឹងថាE-Commerceហ្នឹងជាអ្វី?,FindECInfo
តើខ្ញុំចង់ដឹងថាE-Commerceហ្នឹងជាអ្វីទៅ?,FindECInfo
តើខ្ញុំចង់ដឹងថាE-Commerceហ្នឹងគឺជាអ្វី?,FindECInfo
តើខ្ញុំចង់ដឹងថាE-Commerceហ្នឹងសំដៅទៅលើអ្វី?,FindECInfo
តើខ្ញុំចង់ដឹងថាE-Commerceហ្នឹងរៀនប៉ុន្មានឆ្នាំ,FindECInfo
តើខ្ញុំចង់ដឹងថាE-Commerceហ្នឹងរៀនប៉ុន្មានឆមាស,FindECInfo
តើខ្ញុំចង់ដឹងថាE-Commerceហ្នឹងរៀនប៉ុន្មានត្រីមាស,FindECInfo
តើខ្ញុំចង់ដឹងថាE-Commerceហ្នឹងគេរៀនពីអ្វី,FindECInfo
តើខ្ញុំចង់ដឹងថាE-Commerceហ្នឹងរៀនពីអ្វីទៅ,FindECInfo
តើខ្ញុំចង់ដឹងថាអ៉ីស៉ីសិក្សាអ្វីខ្លះ,FindECInfo
តើខ្ញុំចង់ដឹងថាអ៉ីស៉ីជាអ្វី?,FindECInfo
តើខ្ញុំចង់ដឹងថាអ៉ីស៉ីជាអ្វីទៅ?,FindECInfo
តើខ្ញុំចង់ដឹងថាអ៉ីស៉ីគឺជាអ្វី?,FindECInfo
តើខ្ញុំចង់ដឹងថាអ៉ីស៉ីសំដៅទៅលើអ្វី?,FindECInfo
តើខ្ញុំចង់ដឹងថាអ៉ីស៉ីរៀនប៉ុន្មានឆ្នាំ,FindECInfo
តើខ្ញុំចង់ដឹងថាអ៉ីស៉ីរៀនប៉ុន្មានឆមាស,FindECInfo
តើខ្ញុំចង់ដឹងថាអ៉ីស៉ីរៀនប៉ុន្មានត្រីមាស,FindECInfo
តើខ្ញុំចង់ដឹងថាអ៉ីស៉ីគេរៀនពីអ្វី,FindECInfo
តើខ្ញុំចង់ដឹងថាអ៉ីស៉ីរៀនពីអ្វីទៅ,FindECInfo
តើខ្ញុំចង់ដឹងថាអ៉ីស៉ីហ្នឹងសិក្សាអ្វីខ្លះ,FindECInfo
តើខ្ញុំចង់ដឹងថាអ៉ីស៉ីហ្នឹងជាអ្វី?,FindECInfo
តើខ្ញុំចង់ដឹងថាអ៉ីស៉ីហ្នឹងជាអ្វីទៅ?,FindECInfo
តើខ្ញុំចង់ដឹងថាអ៉ីស៉ីហ្នឹងគឺជាអ្វី?,FindECInfo
តើខ្ញុំចង់ដឹងថាអ៉ីស៉ីហ្នឹងសំដៅទៅលើអ្វី?,FindECInfo
តើខ្ញុំចង់ដឹងថាអ៉ីស៉ីហ្នឹងរៀនប៉ុន្មានឆ្នាំ,FindECInfo
តើខ្ញុំចង់ដឹងថាអ៉ីស៉ីហ្នឹងរៀនប៉ុន្មានឆមាស,FindECInfo
តើខ្ញុំចង់ដឹងថាអ៉ីស៉ីហ្នឹងរៀនប៉ុន្មានត្រីមាស,FindECInfo
តើខ្ញុំចង់ដឹងថាអ៉ីស៉ីហ្នឹងគេរៀនពីអ្វី,FindECInfo
តើខ្ញុំចង់ដឹងថាអ៉ីស៉ីហ្នឹងរៀនពីអ្វីទៅ,FindECInfo
តើខ្ញុំចង់ដឹងថាECសិក្សាអ្វីខ្លះ,FindECInfo
តើខ្ញុំចង់ដឹងថាECជាអ្វី?,FindECInfo
តើខ្ញុំចង់ដឹងថាECជាអ្វីទៅ?,FindECInfo
តើខ្ញុំចង់ដឹងថាECគឺជាអ្វី?,FindECInfo
តើខ្ញុំចង់ដឹងថាECសំដៅទៅលើអ្វី?,FindECInfo
តើខ្ញុំចង់ដឹងថាECរៀនប៉ុន្មានឆ្នាំ,FindECInfo
តើខ្ញុំចង់ដឹងថាECរៀនប៉ុន្មានឆមាស,FindECInfo
តើខ្ញុំចង់ដឹងថាECរៀនប៉ុន្មានត្រីមាស,FindECInfo
តើខ្ញុំចង់ដឹងថាECគេរៀនពីអ្វី,FindECInfo
តើខ្ញុំចង់ដឹងថាECរៀនពីអ្វីទៅ,FindECInfo
តើខ្ញុំចង់ដឹងថាECហ្នឹងសិក្សាអ្វីខ្លះ,FindECInfo
តើខ្ញុំចង់ដឹងថាECហ្នឹងជាអ្វី?,FindECInfo
តើខ្ញុំចង់ដឹងថាECហ្នឹងជាអ្វីទៅ?,FindECInfo
តើខ្ញុំចង់ដឹងថាECហ្នឹងគឺជាអ្វី?,FindECInfo
តើខ្ញុំចង់ដឹងថាECហ្នឹងសំដៅទៅលើអ្វី?,FindECInfo
តើខ្ញុំចង់ដឹងថាECហ្នឹងរៀនប៉ុន្មានឆ្នាំ,FindECInfo
តើខ្ញុំចង់ដឹងថាECហ្នឹងរៀនប៉ុន្មានឆមាស,FindECInfo
តើខ្ញុំចង់ដឹងថាECហ្នឹងរៀនប៉ុន្មានត្រីមាស,FindECInfo
តើខ្ញុំចង់ដឹងថាECហ្នឹងគេរៀនពីអ្វី,FindECInfo
តើខ្ញុំចង់ដឹងថាECហ្នឹងរៀនពីអ្វីទៅ,FindECInfo
តើអាចប្រាប់ខ្ញុំបានទេថាពាណិជ្ជកម្មអេឡិចត្រូនិចសិក្សាអ្វីខ្លះ,FindECInfo
តើអាចប្រាប់ខ្ញុំបានទេថាពាណិជ្ជកម្មអេឡិចត្រូនិចជាអ្វី?,FindECInfo
តើអាចប្រាប់ខ្ញុំបានទេថាពាណិជ្ជកម្មអេឡិចត្រូនិចជាអ្វីទៅ?,FindECInfo
តើអាចប្រាប់ខ្ញុំបានទេថាពាណិជ្ជកម្មអេឡិចត្រូនិចគឺជាអ្វី?,FindECInfo
តើអាចប្រាប់ខ្ញុំបានទេថាពាណិជ្ជកម្មអេឡិចត្រូនិចសំដៅទៅលើអ្វី?,FindECInfo
តើអាចប្រាប់ខ្ញុំបានទេថាពាណិជ្ជកម្មអេឡិចត្រូនិចរៀនប៉ុន្មានឆ្នាំ,FindECInfo
តើអាចប្រាប់ខ្ញុំបានទេថាពាណិជ្ជកម្មអេឡិចត្រូនិចរៀនប៉ុន្មានឆមាស,FindECInfo
តើអាចប្រាប់ខ្ញុំបានទេថាពាណិជ្ជកម្មអេឡិចត្រូនិចរៀនប៉ុន្មានត្រីមាស,FindECInfo
តើអាចប្រាប់ខ្ញុំបានទេថាពាណិជ្ជកម្មអេឡិចត្រូនិចគេរៀនពីអ្វី,FindECInfo
តើអាចប្រាប់ខ្ញុំបានទេថាពាណិជ្ជកម្មអេឡិចត្រូនិចរៀនពីអ្វីទៅ,FindECInfo
តើអាចប្រាប់ខ្ញុំបានទេថាពាណិជ្ជកម្មអេឡិចត្រូនិចហ្នឹងសិក្សាអ្វីខ្លះ,FindECInfo
តើអាចប្រាប់ខ្ញុំបានទេថាពាណិជ្ជកម្មអេឡិចត្រូនិចហ្នឹងជាអ្វី?,FindECInfo
តើអាចប្រាប់ខ្ញុំបានទេថាពាណិជ្ជកម្មអេឡិចត្រូនិចហ្នឹងជាអ្វីទៅ?,FindECInfo
តើអាចប្រាប់ខ្ញុំបានទេថាពាណិជ្ជកម្មអេឡិចត្រូនិចហ្នឹងគឺជាអ្វី?,FindECInfo
តើអាចប្រាប់ខ្ញុំបានទេថាពាណិជ្ជកម្មអេឡិចត្រូនិចហ្នឹងសំដៅទៅលើអ្វី?,FindECInfo
តើអាចប្រាប់ខ្ញុំបានទេថាពាណិជ្ជកម្មអេឡិចត្រូនិចហ្នឹងរៀនប៉ុន្មានឆ្នាំ,FindECInfo
តើអាចប្រាប់ខ្ញុំបានទេថាពាណិជ្ជកម្មអេឡិចត្រូនិចហ្នឹងរៀនប៉ុន្មានឆមាស,FindECInfo
តើអាចប្រាប់ខ្ញុំបានទេថាពាណិជ្ជកម្មអេឡិចត្រូនិចហ្នឹងរៀនប៉ុន្មានត្រីមាស,FindECInfo
តើអាចប្រាប់ខ្ញុំបានទេថាពាណិជ្ជកម្មអេឡិចត្រូនិចហ្នឹងគេរៀនពីអ្វី,FindECInfo
តើអាចប្រាប់ខ្ញុំបានទេថាពាណិជ្ជកម្មអេឡិចត្រូនិចហ្នឹងរៀនពីអ្វីទៅ,FindECInfo
តើអាចប្រាប់ខ្ញុំបានទេថាE-Commerceសិក្សាអ្វីខ្លះ,FindECInfo
តើអាចប្រាប់ខ្ញុំបានទេថាE-Commerceជាអ្វី?,FindECInfo
តើអាចប្រាប់ខ្ញុំបានទេថាE-Commerceជាអ្វីទៅ?,FindECInfo
តើអាចប្រាប់ខ្ញុំបានទេថាE-Commerceគឺជាអ្វី?,FindECInfo
តើអាចប្រាប់ខ្ញុំបានទេថាE-Commerceសំដៅទៅលើអ្វី?,FindECInfo
តើអាចប្រាប់ខ្ញុំបានទេថាE-Commerceរៀនប៉ុន្មានឆ្នាំ,FindECInfo
តើអាចប្រាប់ខ្ញុំបានទេថាE-Commerceរៀនប៉ុន្មានឆមាស,FindECInfo
តើអាចប្រាប់ខ្ញុំបានទេថាE-Commerceរៀនប៉ុន្មានត្រីមាស,FindECInfo
តើអាចប្រាប់ខ្ញុំបានទេថាE-Commerceគេរៀនពីអ្វី,FindECInfo
តើអាចប្រាប់ខ្ញុំបានទេថាE-Commerceរៀនពីអ្វីទៅ,FindECInfo
តើអាចប្រាប់ខ្ញុំបានទេថាE-Commerceហ្នឹងសិក្សាអ្វីខ្លះ,FindECInfo
តើអាចប្រាប់ខ្ញុំបានទេថាE-Commerceហ្នឹងជាអ្វី?,FindECInfo
តើអាចប្រាប់ខ្ញុំបានទេថាE-Commerceហ្នឹងជាអ្វីទៅ?,FindECInfo
តើអាចប្រាប់ខ្ញុំបានទេថាE-Commerceហ្នឹងគឺជាអ្វី?,FindECInfo
តើអាចប្រាប់ខ្ញុំបានទេថាE-Commerceហ្នឹងសំដៅទៅលើអ្វី?,FindECInfo
តើអាចប្រាប់ខ្ញុំបានទេថាE-Commerceហ្នឹងរៀនប៉ុន្មានឆ្នាំ,FindECInfo
តើអាចប្រាប់ខ្ញុំបានទេថាE-Commerceហ្នឹងរៀនប៉ុន្មានឆមាស,FindECInfo
តើអាចប្រាប់ខ្ញុំបានទេថាE-Commerceហ្នឹងរៀនប៉ុន្មានត្រីមាស,FindECInfo
តើអាចប្រាប់ខ្ញុំបានទេថាE-Commerceហ្នឹងគេរៀនពីអ្វី,FindECInfo
តើអាចប្រាប់ខ្ញុំបានទេថាE-Commerceហ្នឹងរៀនពីអ្វីទៅ,FindECInfo
តើអាចប្រាប់ខ្ញុំបានទេថាអ៉ីស៉ីសិក្សាអ្វីខ្លះ,FindECInfo
តើអាចប្រាប់ខ្ញុំបានទេថាអ៉ីស៉ីជាអ្វី?,FindECInfo
តើអាចប្រាប់ខ្ញុំបានទេថាអ៉ីស៉ីជាអ្វីទៅ?,FindECInfo
តើអាចប្រាប់ខ្ញុំបានទេថាអ៉ីស៉ីគឺជាអ្វី?,FindECInfo
តើអាចប្រាប់ខ្ញុំបានទេថាអ៉ីស៉ីសំដៅទៅលើអ្វី?,FindECInfo
តើអាចប្រាប់ខ្ញុំបានទេថាអ៉ីស៉ីរៀនប៉ុន្មានឆ្នាំ,FindECInfo
តើអាចប្រាប់ខ្ញុំបានទេថាអ៉ីស៉ីរៀនប៉ុន្មានឆមាស,FindECInfo
តើអាចប្រាប់ខ្ញុំបានទេថាអ៉ីស៉ីរៀនប៉ុន្មានត្រីមាស,FindECInfo
តើអាចប្រាប់ខ្ញុំបានទេថាអ៉ីស៉ីគេរៀនពីអ្វី,FindECInfo
តើអាចប្រាប់ខ្ញុំបានទេថាអ៉ីស៉ីរៀនពីអ្វីទៅ,FindECInfo
តើអាចប្រាប់ខ្ញុំបានទេថាអ៉ីស៉ីហ្នឹងសិក្សាអ្វីខ្លះ,FindECInfo
តើអាចប្រាប់ខ្ញុំបានទេថាអ៉ីស៉ីហ្នឹងជាអ្វី?,FindECInfo
តើអាចប្រាប់ខ្ញុំបានទេថាអ៉ីស៉ីហ្នឹងជាអ្វីទៅ?,FindECInfo
តើអាចប្រាប់ខ្ញុំបានទេថាអ៉ីស៉ីហ្នឹងគឺជាអ្វី?,FindECInfo
តើអាចប្រាប់ខ្ញុំបានទេថាអ៉ីស៉ីហ្នឹងសំដៅទៅលើអ្វី?,FindECInfo
តើអាចប្រាប់ខ្ញុំបានទេថាអ៉ីស៉ីហ្នឹងរៀនប៉ុន្មានឆ្នាំ,FindECInfo
តើអាចប្រាប់ខ្ញុំបានទេថាអ៉ីស៉ីហ្នឹងរៀនប៉ុន្មានឆមាស,FindECInfo
តើអាចប្រាប់ខ្ញុំបានទេថាអ៉ីស៉ីហ្នឹងរៀនប៉ុន្មានត្រីមាស,FindECInfo
តើអាចប្រាប់ខ្ញុំបានទេថាអ៉ីស៉ីហ្នឹងគេរៀនពីអ្វី,FindECInfo
តើអាចប្រាប់ខ្ញុំបានទេថាអ៉ីស៉ីហ្នឹងរៀនពីអ្វីទៅ,FindECInfo
តើអាចប្រាប់ខ្ញុំបានទេថាECសិក្សាអ្វីខ្លះ,FindECInfo
តើអាចប្រាប់ខ្ញុំបានទេថាECជាអ្វី?,FindECInfo
តើអាចប្រាប់ខ្ញុំបានទេថាECជាអ្វីទៅ?,FindECInfo
តើអាចប្រាប់ខ្ញុំបានទេថាECគឺជាអ្វី?,FindECInfo
តើអាចប្រាប់ខ្ញុំបានទេថាECសំដៅទៅលើអ្វី?,FindECInfo
តើអាចប្រាប់ខ្ញុំបានទេថាECរៀនប៉ុន្មានឆ្នាំ,FindECInfo
តើអាចប្រាប់ខ្ញុំបានទេថាECរៀនប៉ុន្មានឆមាស,FindECInfo
តើអាចប្រាប់ខ្ញុំបានទេថាECរៀនប៉ុន្មានត្រីមាស,FindECInfo
តើអាចប្រាប់ខ្ញុំបានទេថាECគេរៀនពីអ្វី,FindECInfo
តើអាចប្រាប់ខ្ញុំបានទេថាECរៀនពីអ្វីទៅ,FindECInfo
តើអាចប្រាប់ខ្ញុំបានទេថាECហ្នឹងសិក្សាអ្វីខ្លះ,FindECInfo
តើអាចប្រាប់ខ្ញុំបានទេថាECហ្នឹងជាអ្វី?,FindECInfo
តើអាចប្រាប់ខ្ញុំបានទេថាECហ្នឹងជាអ្វីទៅ?,FindECInfo
តើអាចប្រាប់ខ្ញុំបានទេថាECហ្នឹងគឺជាអ្វី?,FindECInfo
តើអាចប្រាប់ខ្ញុំបានទេថាECហ្នឹងសំដៅទៅលើអ្វី?,FindECInfo
តើអាចប្រាប់ខ្ញុំបានទេថាECហ្នឹងរៀនប៉ុន្មានឆ្នាំ,FindECInfo
តើអាចប្រាប់ខ្ញុំបានទេថាECហ្នឹងរៀនប៉ុន្មានឆមាស,FindECInfo
តើអាចប្រាប់ខ្ញុំបានទេថាECហ្នឹងរៀនប៉ុន្មានត្រីមាស,FindECInfo
តើអាចប្រាប់ខ្ញុំបានទេថាECហ្នឹងគេរៀនពីអ្វី,FindECInfo
តើអាចប្រាប់ខ្ញុំបានទេថាECហ្នឹងរៀនពីអ្វីទៅ,FindECInfo
តើពាណិជ្ជកម្មអេឡិចត្រូនិចបង់ថ្លៃប៉ុន្មានដែរ,FindECInfo
តើពាណិជ្ជកម្មអេឡិចត្រូនិចមានតម្លៃប៉ុន្មាន,FindECInfo
តើពាណិជ្ជកម្មអេឡិចត្រូនិចមានតម្លៃសិក្សាយ៉ាងដូចម្ដេចដែរ,FindECInfo
តើE-Commerceបង់ថ្លៃប៉ុន្មានដែរ,FindECInfo
តើE-Commerceមានតម្លៃប៉ុន្មាន,FindECInfo
តើE-Commerceមានតម្លៃសិក្សាយ៉ាងដូចម្ដេចដែរ,FindECInfo
តើអ៉ីស៉ីបង់ថ្លៃប៉ុន្មានដែរ,FindECInfo
តើអ៉ីស៉ីមានតម្លៃប៉ុន្មាន,FindECInfo
តើអ៉ីស៉ីមានតម្លៃសិក្សាយ៉ាងដូចម្ដេចដែរ,FindECInfo
តើECបង់ថ្លៃប៉ុន្មានដែរ,FindECInfo
តើECមានតម្លៃប៉ុន្មាន,FindECInfo
តើECមានតម្លៃសិក្សាយ៉ាងដូចម្ដេចដែរ,FindECInfo
តើប្រាប់បានទេថាពាណិជ្ជកម្មអេឡិចត្រូនិចបង់ថ្លៃប៉ុន្មានដែរ,FindECInfo
តើប្រាប់បានទេថាពាណិជ្ជកម្មអេឡិចត្រូនិចមានតម្លៃប៉ុន្មាន,FindECInfo
តើប្រាប់បានទេថាពាណិជ្ជកម្មអេឡិចត្រូនិចមានតម្លៃសិក្សាយ៉ាងដូចម្ដេចដែរ,FindECInfo
តើប្រាប់បានទេថាE-Commerceបង់ថ្លៃប៉ុន្មានដែរ,FindECInfo
តើប្រាប់បានទេថាE-Commerceមានតម្លៃប៉ុន្មាន,FindECInfo
តើប្រាប់បានទេថាE-Commerceមានតម្លៃសិក្សាយ៉ាងដូចម្ដេចដែរ,FindECInfo
តើប្រាប់បានទេថាអ៉ីស៉ីបង់ថ្លៃប៉ុន្មានដែរ,FindECInfo
តើប្រាប់បានទេថាអ៉ីស៉ីមានតម្លៃប៉ុន្មាន,FindECInfo
តើប្រាប់បានទេថាអ៉ីស៉ីមានតម្លៃសិក្សាយ៉ាងដូចម្ដេចដែរ,FindECInfo
តើប្រាប់បានទេថាECបង់ថ្លៃប៉ុន្មានដែរ,FindECInfo
តើប្រាប់បានទេថាECមានតម្លៃប៉ុន្មាន,FindECInfo
តើប្រាប់បានទេថាECមានតម្លៃសិក្សាយ៉ាងដូចម្ដេចដែរ,FindECInfo
តើខ្ញុំចង់ដឹងថាពាណិជ្ជកម្មអេឡិចត្រូនិចបង់ថ្លៃប៉ុន្មានដែរ,FindECInfo
តើខ្ញុំចង់ដឹងថាពាណិជ្ជកម្មអេឡិចត្រូនិចមានតម្លៃប៉ុន្មាន,FindECInfo
តើខ្ញុំចង់ដឹងថាពាណិជ្ជកម្មអេឡិចត្រូនិចមានតម្លៃសិក្សាយ៉ាងដូចម្ដេចដែរ,FindECInfo
តើខ្ញុំចង់ដឹងថាE-Commerceបង់ថ្លៃប៉ុន្មានដែរ,FindECInfo
តើខ្ញុំចង់ដឹងថាE-Commerceមានតម្លៃប៉ុន្មាន,FindECInfo
តើខ្ញុំចង់ដឹងថាE-Commerceមានតម្លៃសិក្សាយ៉ាងដូចម្ដេចដែរ,FindECInfo
តើខ្ញុំចង់ដឹងថាអ៉ីស៉ីបង់ថ្លៃប៉ុន្មានដែរ,FindECInfo
តើខ្ញុំចង់ដឹងថាអ៉ីស៉ីមានតម្លៃប៉ុន្មាន,FindECInfo
តើខ្ញុំចង់ដឹងថាអ៉ីស៉ីមានតម្លៃសិក្សាយ៉ាងដូចម្ដេចដែរ,FindECInfo
តើខ្ញុំចង់ដឹងថាECបង់ថ្លៃប៉ុន្មានដែរ,FindECInfo
តើខ្ញុំចង់ដឹងថាECមានតម្លៃប៉ុន្មាន,FindECInfo
តើខ្ញុំចង់ដឹងថាECមានតម្លៃសិក្សាយ៉ាងដូចម្ដេចដែរ,FindECInfo
តើអាចប្រាប់ខ្ញុំបានទេថាពាណិជ្ជកម្មអេឡិចត្រូនិចបង់ថ្លៃប៉ុន្មានដែរ,FindECInfo
តើអាចប្រាប់ខ្ញុំបានទេថាពាណិជ្ជកម្មអេឡិចត្រូនិចមានតម្លៃប៉ុន្មាន,FindECInfo
តើអាចប្រាប់ខ្ញុំបានទេថាពាណិជ្ជកម្មអេឡិចត្រូនិចមានតម្លៃសិក្សាយ៉ាងដូចម្ដេចដែរ,FindECInfo
តើអាចប្រាប់ខ្ញុំបានទេថាE-Commerceបង់ថ្លៃប៉ុន្មានដែរ,FindECInfo
តើអាចប្រាប់ខ្ញុំបានទេថាE-Commerceមានតម្លៃប៉ុន្មាន,FindECInfo
តើអាចប្រាប់ខ្ញុំបានទេថាE-Commerceមានតម្លៃសិក្សាយ៉ាងដូចម្ដេចដែរ,FindECInfo
តើអាចប្រាប់ខ្ញុំបានទេថាអ៉ីស៉ីបង់ថ្លៃប៉ុន្មានដែរ,FindECInfo
តើអាចប្រាប់ខ្ញុំបានទេថាអ៉ីស៉ីមានតម្លៃប៉ុន្មាន,FindECInfo
តើអាចប្រាប់ខ្ញុំបានទេថាអ៉ីស៉ីមានតម្លៃសិក្សាយ៉ាងដូចម្ដេចដែរ,FindECInfo
តើអាចប្រាប់ខ្ញុំបានទេថាECបង់ថ្លៃប៉ុន្មានដែរ,FindECInfo
តើអាចប្រាប់ខ្ញុំបានទេថាECមានតម្លៃប៉ុន្មាន,FindECInfo
តើអាចប្រាប់ខ្ញុំបានទេថាECមានតម្លៃសិក្សាយ៉ាងដូចម្ដេចដែរ,FindECInfo
តើពាណិជ្ជកម្មអេឡិចត្រូនិចពេលបញ្ចប់ការសិក្សាអាចធ្វើលើជំនាញអ្វីខ្លះ?,FindECInfo
តើពាណិជ្ជកម្មអេឡិចត្រូនិចពេលបញ្ចប់ការសិក្សាអាចធ្វើអ្វីបានខ្លះ?,FindECInfo
តើពាណិជ្ជកម្មអេឡិចត្រូនិចពេលបញ្ចប់ការសិក្សាធ្វើការងារអ្វីបានខ្លះ?,FindECInfo
តើពាណិជ្ជកម្មអេឡិចត្រូនិចរៀនចប់អាចធ្វើលើជំនាញអ្វីខ្លះ?,FindECInfo
តើពាណិជ្ជកម្មអេឡិចត្រូនិចរៀនចប់អាចធ្វើអ្វីបានខ្លះ?,FindECInfo
តើពាណិជ្ជកម្មអេឡិចត្រូនិចរៀនចប់ធ្វើការងារអ្វីបានខ្លះ?,FindECInfo
តើពាណិជ្ជកម្មអេឡិចត្រូនិចពេលចប់អាចធ្វើលើជំនាញអ្វីខ្លះ?,FindECInfo
តើពាណិជ្ជកម្មអេឡិចត្រូនិចពេលចប់អាចធ្វើអ្វីបានខ្លះ?,FindECInfo
តើពាណិជ្ជកម្មអេឡិចត្រូនិចពេលចប់ធ្វើការងារអ្វីបានខ្លះ?,FindECInfo
តើE-Commerceពេលបញ្ចប់ការសិក្សាអាចធ្វើលើជំនាញអ្វីខ្លះ?,FindECInfo
តើE-Commerceពេលបញ្ចប់ការសិក្សាអាចធ្វើអ្វីបានខ្លះ?,FindECInfo
តើE-Commerceពេលបញ្ចប់ការសិក្សាធ្វើការងារអ្វីបានខ្លះ?,FindECInfo
តើE-Commerceរៀនចប់អាចធ្វើលើជំនាញអ្វីខ្លះ?,FindECInfo
តើE-Commerceរៀនចប់អាចធ្វើអ្វីបានខ្លះ?,FindECInfo
តើE-Commerceរៀនចប់ធ្វើការងារអ្វីបានខ្លះ?,FindECInfo
តើE-Commerceពេលចប់អាចធ្វើលើជំនាញអ្វីខ្លះ?,FindECInfo
តើE-Commerceពេលចប់អាចធ្វើអ្វីបានខ្លះ?,FindECInfo
តើE-Commerceពេលចប់ធ្វើការងារអ្វីបានខ្លះ?,FindECInfo
តើអ៉ីស៉ីពេលបញ្ចប់ការសិក្សាអាចធ្វើលើជំនាញអ្វីខ្លះ?,FindECInfo
តើអ៉ីស៉ីពេលបញ្ចប់ការសិក្សាអាចធ្វើអ្វីបានខ្លះ?,FindECInfo
តើអ៉ីស៉ីពេលបញ្ចប់ការសិក្សាធ្វើការងារអ្វីបានខ្លះ?,FindECInfo
តើអ៉ីស៉ីរៀនចប់អាចធ្វើលើជំនាញអ្វីខ្លះ?,FindECInfo
តើអ៉ីស៉ីរៀនចប់អាចធ្វើអ្វីបានខ្លះ?,FindECInfo
តើអ៉ីស៉ីរៀនចប់ធ្វើការងារអ្វីបានខ្លះ?,FindECInfo
តើអ៉ីស៉ីពេលចប់អាចធ្វើលើជំនាញអ្វីខ្លះ?,FindECInfo
តើអ៉ីស៉ីពេលចប់អាចធ្វើអ្វីបានខ្លះ?,FindECInfo
តើអ៉ីស៉ីពេលចប់ធ្វើការងារអ្វីបានខ្លះ?,FindECInfo
តើECពេលបញ្ចប់ការសិក្សាអាចធ្វើលើជំនាញអ្វីខ្លះ?,FindECInfo
តើECពេលបញ្ចប់ការសិក្សាអាចធ្វើអ្វីបានខ្លះ?,FindECInfo
តើECពេលបញ្ចប់ការសិក្សាធ្វើការងារអ្វីបានខ្លះ?,FindECInfo
តើECរៀនចប់អាចធ្វើលើជំនាញអ្វីខ្លះ?,FindECInfo
តើECរៀនចប់អាចធ្វើអ្វីបានខ្លះ?,FindECInfo
តើECរៀនចប់ធ្វើការងារអ្វីបានខ្លះ?,FindECInfo
តើECពេលចប់អាចធ្វើលើជំនាញអ្វីខ្លះ?,FindECInfo
តើECពេលចប់អាចធ្វើអ្វីបានខ្លះ?,FindECInfo
តើECពេលចប់ធ្វើការងារអ្វីបានខ្លះ?,FindECInfo
តើពាណិជ្ជកម្មអេឡិចត្រូនិចរៀនប៉ុន្មានត្រីមាស,FindECInfo
តើពាណិជ្ជកម្មអេឡិចត្រូនិចរៀនប៉ុន្មានឆ្នាំ,FindECInfo
តើពាណិជ្ជកម្មអេឡិចត្រូនិចរៀនប៉ុន្មានឆមាស,FindECInfo
តើពាណិជ្ជកម្មអេឡិចត្រូនិចហ្នឹងរៀនប៉ុន្មានត្រីមាស,FindECInfo
តើពាណិជ្ជកម្មអេឡិចត្រូនិចហ្នឹងរៀនប៉ុន្មានឆ្នាំ,FindECInfo
តើពាណិជ្ជកម្មអេឡិចត្រូនិចហ្នឹងរៀនប៉ុន្មានឆមាស,FindECInfo
តើE-Commerceរៀនប៉ុន្មានត្រីមាស,FindECInfo
តើE-Commerceរៀនប៉ុន្មានឆ្នាំ,FindECInfo
តើE-Commerceរៀនប៉ុន្មានឆមាស,FindECInfo
តើE-Commerceហ្នឹងរៀនប៉ុន្មានត្រីមាស,FindECInfo
តើE-Commerceហ្នឹងរៀនប៉ុន្មានឆ្នាំ,FindECInfo
តើE-Commerceហ្នឹងរៀនប៉ុន្មានឆមាស,FindECInfo
តើអ៉ីស៉ីរៀនប៉ុន្មានត្រីមាស,FindECInfo
តើអ៉ីស៉ីរៀនប៉ុន្មានឆ្នាំ,FindECInfo
តើអ៉ីស៉ីរៀនប៉ុន្មានឆមាស,FindECInfo
តើអ៉ីស៉ីហ្នឹងរៀនប៉ុន្មានត្រីមាស,FindECInfo
តើអ៉ីស៉ីហ្នឹងរៀនប៉ុន្មានឆ្នាំ,FindECInfo
តើអ៉ីស៉ីហ្នឹងរៀនប៉ុន្មានឆមាស,FindECInfo
តើECរៀនប៉ុន្មានត្រីមាស,FindECInfo
តើECរៀនប៉ុន្មានឆ្នាំ,FindECInfo
តើECរៀនប៉ុន្មានឆមាស,FindECInfo
តើECហ្នឹងរៀនប៉ុន្មានត្រីមាស,FindECInfo
តើECហ្នឹងរៀនប៉ុន្មានឆ្នាំ,FindECInfo
តើECហ្នឹងរៀនប៉ុន្មានឆមាស,FindECInfo
តើប្រាប់បានទេថាពាណិជ្ជកម្មអេឡិចត្រូនិចរៀនប៉ុន្មានត្រីមាស,FindECInfo
តើប្រាប់បានទេថាពាណិជ្ជកម្មអេឡិចត្រូនិចរៀនប៉ុន្មានឆ្នាំ,FindECInfo
តើប្រាប់បានទេថាពាណិជ្ជកម្មអេឡិចត្រូនិចរៀនប៉ុន្មានឆមាស,FindECInfo
តើប្រាប់បានទេថាពាណិជ្ជកម្មអេឡិចត្រូនិចហ្នឹងរៀនប៉ុន្មានត្រីមាស,FindECInfo
តើប្រាប់បានទេថាពាណិជ្ជកម្មអេឡិចត្រូនិចហ្នឹងរៀនប៉ុន្មានឆ្នាំ,FindECInfo
តើប្រាប់បានទេថាពាណិជ្ជកម្មអេឡិចត្រូនិចហ្នឹងរៀនប៉ុន្មានឆមាស,FindECInfo
តើប្រាប់បានទេថាE-Commerceរៀនប៉ុន្មានត្រីមាស,FindECInfo
តើប្រាប់បានទេថាE-Commerceរៀនប៉ុន្មានឆ្នាំ,FindECInfo
តើប្រាប់បានទេថាE-Commerceរៀនប៉ុន្មានឆមាស,FindECInfo
តើប្រាប់បានទេថាE-Commerceហ្នឹងរៀនប៉ុន្មានត្រីមាស,FindECInfo
តើប្រាប់បានទេថាE-Commerceហ្នឹងរៀនប៉ុន្មានឆ្នាំ,FindECInfo
តើប្រាប់បានទេថាE-Commerceហ្នឹងរៀនប៉ុន្មានឆមាស,FindECInfo
តើប្រាប់បានទេថាអ៉ីស៉ីរៀនប៉ុន្មានត្រីមាស,FindECInfo
តើប្រាប់បានទេថាអ៉ីស៉ីរៀនប៉ុន្មានឆ្នាំ,FindECInfo
តើប្រាប់បានទេថាអ៉ីស៉ីរៀនប៉ុន្មានឆមាស,FindECInfo
តើប្រាប់បានទេថាអ៉ីស៉ីហ្នឹងរៀនប៉ុន្មានត្រីមាស,FindECInfo
តើប្រាប់បានទេថាអ៉ីស៉ីហ្នឹងរៀនប៉ុន្មានឆ្នាំ,FindECInfo
តើប្រាប់បានទេថាអ៉ីស៉ីហ្នឹងរៀនប៉ុន្មានឆមាស,FindECInfo
តើប្រាប់បានទេថាECរៀនប៉ុន្មានត្រីមាស,FindECInfo
តើប្រាប់បានទេថាECរៀនប៉ុន្មានឆ្នាំ,FindECInfo
តើប្រាប់បានទេថាECរៀនប៉ុន្មានឆមាស,FindECInfo
តើប្រាប់បានទេថាECហ្នឹងរៀនប៉ុន្មានត្រីមាស,FindECInfo
តើប្រាប់បានទេថាECហ្នឹងរៀនប៉ុន្មានឆ្នាំ,FindECInfo
តើប្រាប់បានទេថាECហ្នឹងរៀនប៉ុន្មានឆមាស,FindECInfo
តើខ្ញុំចង់ដឹងថាពាណិជ្ជកម្មអេឡិចត្រូនិចរៀនប៉ុន្មានត្រីមាស,FindECInfo
តើខ្ញុំចង់ដឹងថាពាណិជ្ជកម្មអេឡិចត្រូនិចរៀនប៉ុន្មានឆ្នាំ,FindECInfo
តើខ្ញុំចង់ដឹងថាពាណិជ្ជកម្មអេឡិចត្រូនិចរៀនប៉ុន្មានឆមាស,FindECInfo
តើខ្ញុំចង់ដឹងថាពាណិជ្ជកម្មអេឡិចត្រូនិចហ្នឹងរៀនប៉ុន្មានត្រីមាស,FindECInfo
តើខ្ញុំចង់ដឹងថាពាណិជ្ជកម្មអេឡិចត្រូនិចហ្នឹងរៀនប៉ុន្មានឆ្នាំ,FindECInfo
តើខ្ញុំចង់ដឹងថាពាណិជ្ជកម្មអេឡិចត្រូនិចហ្នឹងរៀនប៉ុន្មានឆមាស,FindECInfo
តើខ្ញុំចង់ដឹងថាE-Commerceរៀនប៉ុន្មានត្រីមាស,FindECInfo
តើខ្ញុំចង់ដឹងថាE-Commerceរៀនប៉ុន្មានឆ្នាំ,FindECInfo
តើខ្ញុំចង់ដឹងថាE-Commerceរៀនប៉ុន្មានឆមាស,FindECInfo
តើខ្ញុំចង់ដឹងថាE-Commerceហ្នឹងរៀនប៉ុន្មានត្រីមាស,FindECInfo
តើខ្ញុំចង់ដឹងថាE-Commerceហ្នឹងរៀនប៉ុន្មានឆ្នាំ,FindECInfo
តើខ្ញុំចង់ដឹងថាE-Commerceហ្នឹងរៀនប៉ុន្មានឆមាស,FindECInfo
តើខ្ញុំចង់ដឹងថាអ៉ីស៉ីរៀនប៉ុន្មានត្រីមាស,FindECInfo
តើខ្ញុំចង់ដឹងថាអ៉ីស៉ីរៀនប៉ុន្មានឆ្នាំ,FindECInfo
តើខ្ញុំចង់ដឹងថាអ៉ីស៉ីរៀនប៉ុន្មានឆមាស,FindECInfo
តើខ្ញុំចង់ដឹងថាអ៉ីស៉ីហ្នឹងរៀនប៉ុន្មានត្រីមាស,FindECInfo
តើខ្ញុំចង់ដឹងថាអ៉ីស៉ីហ្នឹងរៀនប៉ុន្មានឆ្នាំ,FindECInfo
តើខ្ញុំចង់ដឹងថាអ៉ីស៉ីហ្នឹងរៀនប៉ុន្មានឆមាស,FindECInfo
តើខ្ញុំចង់ដឹងថាECរៀនប៉ុន្មានត្រីមាស,FindECInfo
តើខ្ញុំចង់ដឹងថាECរៀនប៉ុន្មានឆ្នាំ,FindECInfo
តើខ្ញុំចង់ដឹងថាECរៀនប៉ុន្មានឆមាស,FindECInfo
តើខ្ញុំចង់ដឹងថាECហ្នឹងរៀនប៉ុន្មានត្រីមាស,FindECInfo
តើខ្ញុំចង់ដឹងថាECហ្នឹងរៀនប៉ុន្មានឆ្នាំ,FindECInfo
តើខ្ញុំចង់ដឹងថាECហ្នឹងរៀនប៉ុន្មានឆមាស,FindECInfo
តើអាចប្រាប់ខ្ញុំបានទេថាពាណិជ្ជកម្មអេឡិចត្រូនិចរៀនប៉ុន្មានត្រីមាស,FindECInfo
តើអាចប្រាប់ខ្ញុំបានទេថាពាណិជ្ជកម្មអេឡិចត្រូនិចរៀនប៉ុន្មានឆ្នាំ,FindECInfo
តើអាចប្រាប់ខ្ញុំបានទេថាពាណិជ្ជកម្មអេឡិចត្រូនិចរៀនប៉ុន្មានឆមាស,FindECInfo
តើអាចប្រាប់ខ្ញុំបានទេថាពាណិជ្ជកម្មអេឡិចត្រូនិចហ្នឹងរៀនប៉ុន្មានត្រីមាស,FindECInfo
តើអាចប្រាប់ខ្ញុំបានទេថាពាណិជ្ជកម្មអេឡិចត្រូនិចហ្នឹងរៀនប៉ុន្មានឆ្នាំ,FindECInfo
តើអាចប្រាប់ខ្ញុំបានទេថាពាណិជ្ជកម្មអេឡិចត្រូនិចហ្នឹងរៀនប៉ុន្មានឆមាស,FindECInfo
តើអាចប្រាប់ខ្ញុំបានទេថាE-Commerceរៀនប៉ុន្មានត្រីមាស,FindECInfo
តើអាចប្រាប់ខ្ញុំបានទេថាE-Commerceរៀនប៉ុន្មានឆ្នាំ,FindECInfo
តើអាចប្រាប់ខ្ញុំបានទេថាE-Commerceរៀនប៉ុន្មានឆមាស,FindECInfo
តើអាចប្រាប់ខ្ញុំបានទេថាE-Commerceហ្នឹងរៀនប៉ុន្មានត្រីមាស,FindECInfo
តើអាចប្រាប់ខ្ញុំបានទេថាE-Commerceហ្នឹងរៀនប៉ុន្មានឆ្នាំ,FindECInfo
តើអាចប្រាប់ខ្ញុំបានទេថាE-Commerceហ្នឹងរៀនប៉ុន្មានឆមាស,FindECInfo
តើអាចប្រាប់ខ្ញុំបានទេថាអ៉ីស៉ីរៀនប៉ុន្មានត្រីមាស,FindECInfo
តើអាចប្រាប់ខ្ញុំបានទេថាអ៉ីស៉ីរៀនប៉ុន្មានឆ្នាំ,FindECInfo
តើអាចប្រាប់ខ្ញុំបានទេថាអ៉ីស៉ីរៀនប៉ុន្មានឆមាស,FindECInfo
តើអាចប្រាប់ខ្ញុំបានទេថាអ៉ីស៉ីហ្នឹងរៀនប៉ុន្មានត្រីមាស,FindECInfo
តើអាចប្រាប់ខ្ញុំបានទេថាអ៉ីស៉ីហ្នឹងរៀនប៉ុន្មានឆ្នាំ,FindECInfo
តើអាចប្រាប់ខ្ញុំបានទេថាអ៉ីស៉ីហ្នឹងរៀនប៉ុន្មានឆមាស,FindECInfo
តើអាចប្រាប់ខ្ញុំបានទេថាECរៀនប៉ុន្មានត្រីមាស,FindECInfo
តើអាចប្រាប់ខ្ញុំបានទេថាECរៀនប៉ុន្មានឆ្នាំ,FindECInfo
តើអាចប្រាប់ខ្ញុំបានទេថាECរៀនប៉ុន្មានឆមាស,FindECInfo
តើអាចប្រាប់ខ្ញុំបានទេថាECហ្នឹងរៀនប៉ុន្មានត្រីមាស,FindECInfo
តើអាចប្រាប់ខ្ញុំបានទេថាECហ្នឹងរៀនប៉ុន្មានឆ្នាំ,FindECInfo
តើអាចប្រាប់ខ្ញុំបានទេថាECហ្នឹងរៀនប៉ុន្មានឆមាស,FindECInfo
