question,intent
អគារ នៅ Inovation Center/B-ORG បង្កើត ឡើង សម្រាប់ ធ្វើ អ្វី ខ្លះ ? , Ask Building Information InCADT
អគារ ខេត មាន ប៉ុន្មាន ? , Ask Building Information InCADT
អគារ នៅ ឯ CADT/B-ORG មាន ប៉ុន្មាន ? , Ask Building Information InCADT
អគារ នៅ CADT/B-ORG មាន ប៉ុន្មាន ? , Ask Building Information InCADT
អគារ នៅ ឯ សុីអេ ដីធី/B-ORG មាន ប៉ុន្មាន ? , Ask Building Information InCADT
អគារ នៅ សុីអេ ដីធី/B-ORG មាន ប៉ុន្មាន ? , Ask Building Information InCADT
អគារ នៅ ឯ NIPTICT/B-ORG មាន ប៉ុន្មាន ? , Ask Building Information InCADT
អគារ នៅ ណិពទិច/B-ORG មាន ប៉ុន្មាន ? , Ask Building Information InCADT
អគារ វិទ្យា ស្ថាន បច្ចេកវិទ្យា ឌីជីថល មាន ប៉ុន្មាន ? , Ask Building Information InCADT
អគារ បណ្ឌិត្យ សភា បច្ចេកវិទ្យា ឌីជីថល កម្ពុជា/B-ORG មាន ប៉ុន្មាន ? , Ask Building Information InCADT
អគារ CADT/B-ORG មាន សរុប ប៉ុន្មាន ? , Ask Building Information InCADT
អគារ ខេត មាន សរុប ប៉ុន្មាន ? , Ask Building Information InCADT
អគារ នៅ ឯ CADT/B-ORG មាន សរុប ប៉ុន្មាន ? , Ask Building Information InCADT
អគារ នៅ CADT/B-ORG មាន សរុប ប៉ុន្មាន ? , Ask Building Information InCADT
អគារ នៅ ឯ សុីអេ ដីធី/B-ORG មាន សរុប ប៉ុន្មាន ? , Ask Building Information InCADT
អគារ នៅ សុីអេ ដីធី/B-ORG មាន សរុប ប៉ុន្មាន ? , Ask Building Information InCADT
អគារ នៅ ឯ NIPTICT/B-ORG មាន សរុប ប៉ុន្មាន ? , Ask Building Information InCADT
អគារ នៅ ណិពទិច/B-ORG មាន សរុប ប៉ុន្មាន ? , Ask Building Information InCADT
អគារ វិទ្យា ស្ថាន បច្ចេកវិទ្យា ឌីជីថល មាន សរុប ប៉ុន្មាន ? , Ask Building Information InCADT
អគារ បណ្ឌិត្យ សភា បច្ចេកវិទ្យា ឌីជីថល កម្ពុជា/B-ORG មាន សរុប ប៉ុន្មាន ? , Ask Building Information InCADT
អគារ CADT/B-ORG មាន ម៉ាន ? , Ask Building Information InCADT
អគារ ខេត មាន ម៉ាន ? , Ask Building Information InCADT
អគារ នៅ ឯ CADT/B-ORG មាន ម៉ាន ? , Ask Building Information InCADT
អគារ នៅ CADT/B-ORG មាន ម៉ាន ? , Ask Building Information InCADT
អគារ នៅ ឯ សុីអេ ដីធី/B-ORG មាន ម៉ាន ? , Ask Building Information InCADT
អគារ នៅ សុីអេ ដីធី/B-ORG មាន ម៉ាន ? , Ask Building Information InCADT
អគារ នៅ ឯ NIPTICT/B-ORG មាន ម៉ាន ? , Ask Building Information InCADT
អគារ នៅ ណិពទិច/B-ORG មាន ម៉ាន ? , Ask Building Information InCADT
អគារ វិទ្យា ស្ថាន បច្ចេកវិទ្យា ឌីជីថល មាន ម៉ាន ? , Ask Building Information InCADT
អគារ បណ្ឌិត្យ សភា បច្ចេកវិទ្យា ឌីជីថល កម្ពុជា/B-ORG មាន ម៉ាន ? , Ask Building Information InCADT
អគារ CADT/B-ORG មាន ប៉ុន្មាន ? , Ask Building Information InCADT
អគារ នៅ អុីននូវេសុិន សេនធឺ /B-ORG បង្កើត ឡើង សម្រាប់ ធ្វើ អ្វី ខ្លះ ? , Ask Building Information InCADT
អគារ នៅ Inovation Center/B-ORG បង្កើត ឡើង សម្រាប់ ធ្វើ អ្វី ? , Ask Building Information InCADT
អគារ នៅ អុីននូវេសុិន សេនធឺ /B-ORG បង្កើត ឡើង សម្រាប់ ធ្វើ អ្វី ? , Ask Building Information InCADT
អគារ នៅ Inovation Center/B-ORG បង្កើត ឡើង ដើម្បី អ្វី ខ្លះ ? , Ask Building Information InCADT
អគារ នៅ អុីននូវេសុិន សេនធឺ /B-ORG បង្កើត ឡើង ដើម្បី អ្វី ខ្លះ ? , Ask Building Information InCADT
អគារ នៅ Inovation Center/B-ORG បង្កើត ឡើង ដើម្បី អ្វី ? , Ask Building Information InCADT
អគារ នៅ អុីននូវេសុិន សេនធឺ /B-ORG បង្កើត ឡើង ដើម្បី អ្វី ? , Ask Building Information InCADT
អគារ នៅ Inovation Center/B-ORGសាង សង ឡើង សម្រាប់ ធ្វើ អ្វី ខ្លះ ? , Ask Building Information InCADT
អគារ នៅ អុីននូវេសុិន សេនធឺ /B-ORGសាង សង ឡើង សម្រាប់ ធ្វើ អ្វី ខ្លះ ? , Ask Building Information InCADT
អគារ នៅ Inovation Center/B-ORGសាង សង ឡើង សម្រាប់ ធ្វើ អ្វី ? , Ask Building Information InCADT
អគារ នៅ អុីននូវេសុិន សេនធឺ /B-ORGសាង សង ឡើង សម្រាប់ ធ្វើ អ្វី ? , Ask Building Information InCADT
អគារ នៅ Inovation Center/B-ORGសាង សង ឡើង ដើម្បី អ្វី ខ្លះ ? , Ask Building Information InCADT
អគារ នៅ អុីននូវេសុិន សេនធឺ /B-ORGសាងសង ឡើង ដើម្បី អ្វី ខ្លះ ? , Ask Building Information InCADT
អគារ នៅ Inovation Center/B-ORGសាង សង ឡើង ដើម្បី អ្វី ? , Ask Building Information InCADT
អគារ នៅ អុីននូវេសុិន សេនធឺ /B-ORGសាងសង ឡើង ដើម្បី អ្វី ? , Ask Building Information InCADT
