question, intent
តើ មាន ក្រុម ហ៊ុន Book Me Bus នៅ ក្នុង អគារ នេះ ទេ ?, Is Company Exist
តើ មាន ក្រុម ហ៊ុន Book Me Bus នៅ ក្នុង អគារនវានុវត្តន៍/B-BUILD ទេ ?, Is Company Exist
តើ មាន ក្រុម ហ៊ុន Book Me Bus នៅ ក្នុង នេះ ទេ ?, Is Company Exist
តើ មាន ក្រុម ហ៊ុន Book Me Bus នៅ ក្នុង កន្លែង នេះ ទេ ?, Is Company Exist
តើ មាន ក្រុម ហ៊ុន Book Me Bus នៅ ក្នុង ទី នេះ ទេ ?, Is Company Exist
តើ មាន ក្រុម ហ៊ុន Book Me Bus ក្នុង អគារ នេះ ទេ ?, Is Company Exist
តើ មាន ក្រុម ហ៊ុន Book Me Bus ក្នុង អគារនវានុវត្តន៍/B-BUILD ទេ ?, Is Company Exist
តើ មាន ក្រុម ហ៊ុន Book Me Bus ក្នុង នេះ ទេ ?, Is Company Exist
តើ មាន ក្រុម ហ៊ុន Book Me Bus ក្នុង កន្លែង នេះ ទេ ?, Is Company Exist
តើ មាន ក្រុម ហ៊ុន Book Me Bus ក្នុង ទី នេះ ទេ ?, Is Company Exist
តើ មាន ក្រុម ហ៊ុន Book Me Bus នៅ ខាង ក្នុង អគារ នេះ ទេ ?, Is Company Exist
តើ មាន ក្រុម ហ៊ុន Book Me Bus នៅ ខាង ក្នុង អគារនវានុវត្តន៍/B-BUILD ទេ ?, Is Company Exist
តើ មាន ក្រុម ហ៊ុន Book Me Bus នៅ ខាង ក្នុង នេះ ទេ ?, Is Company Exist
តើ មាន ក្រុម ហ៊ុន Book Me Bus នៅ ខាង ក្នុង កន្លែង នេះ ទេ ?, Is Company Exist
តើ មាន ក្រុម ហ៊ុន Book Me Bus នៅ ខាង ក្នុង ទី នេះ ទេ ?, Is Company Exist
តើ មាន ក្រុម ហ៊ុន Book Me Bus នៅ នឹង អគារ នេះ ទេ ?, Is Company Exist
តើ មាន ក្រុម ហ៊ុន Book Me Bus នៅ នឹង អគារនវានុវត្តន៍/B-BUILD ទេ ?, Is Company Exist
តើ មាន ក្រុម ហ៊ុន Book Me Bus នៅ នឹង នេះ ទេ ?, Is Company Exist
តើ មាន ក្រុម ហ៊ុន Book Me Bus នៅ នឹង កន្លែង នេះ ទេ ?, Is Company Exist
តើ មាន ក្រុម ហ៊ុន Book Me Bus នៅ នឹង ទី នេះ ទេ ?, Is Company Exist
តើ មាន ក្រុម ហ៊ុន Book Me Bus នៅ ក្នុង អគារ នេះ ឬ ទេ ?, Is Company Exist
តើ មាន ក្រុម ហ៊ុន Book Me Bus នៅ ក្នុង អគារនវានុវត្តន៍/B-BUILD ឬ ទេ ?, Is Company Exist
តើ មាន ក្រុម ហ៊ុន Book Me Bus នៅ ក្នុង នេះ ឬ ទេ ?, Is Company Exist
តើ មាន ក្រុម ហ៊ុន Book Me Bus នៅ ក្នុង កន្លែង នេះ ឬ ទេ ?, Is Company Exist
តើ មាន ក្រុម ហ៊ុន Book Me Bus នៅ ក្នុង ទី នេះ ឬ ទេ ?, Is Company Exist
តើ មាន ក្រុម ហ៊ុន Book Me Bus ក្នុង អគារ នេះ ឬ ទេ ?, Is Company Exist
តើ មាន ក្រុម ហ៊ុន Book Me Bus ក្នុង អគារនវានុវត្តន៍/B-BUILD ឬ ទេ ?, Is Company Exist
តើ មាន ក្រុម ហ៊ុន Book Me Bus ក្នុង នេះ ឬ ទេ ?, Is Company Exist
តើ មាន ក្រុម ហ៊ុន Book Me Bus ក្នុង កន្លែង នេះ ឬ ទេ ?, Is Company Exist
តើ មាន ក្រុម ហ៊ុន Book Me Bus ក្នុង ទី នេះ ឬ ទេ ?, Is Company Exist
តើ មាន ក្រុម ហ៊ុន Book Me Bus នៅ ខាង ក្នុង អគារ នេះ ឬ ទេ ?, Is Company Exist
តើ មាន ក្រុម ហ៊ុន Book Me Bus នៅ ខាង ក្នុង អគារនវានុវត្តន៍/B-BUILD ឬ ទេ ?, Is Company Exist
តើ មាន ក្រុម ហ៊ុន Book Me Bus នៅ ខាង ក្នុង នេះ ឬ ទេ ?, Is Company Exist
តើ មាន ក្រុម ហ៊ុន Book Me Bus នៅ ខាង ក្នុង កន្លែង នេះ ឬ ទេ ?, Is Company Exist
តើ មាន ក្រុម ហ៊ុន Book Me Bus នៅ ខាង ក្នុង ទី នេះ ឬ ទេ ?, Is Company Exist
តើ មាន ក្រុម ហ៊ុន Book Me Bus នៅ នឹង អគារ នេះ ឬ ទេ ?, Is Company Exist
តើ មាន ក្រុម ហ៊ុន Book Me Bus នៅ នឹង អគារនវានុវត្តន៍/B-BUILD ឬ ទេ ?, Is Company Exist
តើ មាន ក្រុម ហ៊ុន Book Me Bus នៅ នឹង នេះ ឬ ទេ ?, Is Company Exist
តើ មាន ក្រុម ហ៊ុន Book Me Bus នៅ នឹង កន្លែង នេះ ឬ ទេ ?, Is Company Exist
តើ មាន ក្រុម ហ៊ុន Book Me Bus នៅ នឹង ទី នេះ ឬ ទេ ?, Is Company Exist
តើ មាន ក្រុម ហ៊ុន Book Me Bus នៅ ក្នុង អគារ នេះ ដែរ ទេ ?, Is Company Exist
តើ មាន ក្រុម ហ៊ុន Book Me Bus នៅ ក្នុង អគារនវានុវត្តន៍/B-BUILD ដែរ ទេ ?, Is Company Exist
តើ មាន ក្រុម ហ៊ុន Book Me Bus នៅ ក្នុង នេះ ដែរ ទេ ?, Is Company Exist
តើ មាន ក្រុម ហ៊ុន Book Me Bus នៅ ក្នុង កន្លែង នេះ ដែរ ទេ ?, Is Company Exist
តើ មាន ក្រុម ហ៊ុន Book Me Bus នៅ ក្នុង ទី នេះ ដែរ ទេ ?, Is Company Exist
តើ មាន ក្រុម ហ៊ុន Book Me Bus ក្នុង អគារ នេះ ដែរ ទេ ?, Is Company Exist
តើ មាន ក្រុម ហ៊ុន Book Me Bus ក្នុង អគារនវានុវត្តន៍/B-BUILD ដែរ ទេ ?, Is Company Exist
តើ មាន ក្រុម ហ៊ុន Book Me Bus ក្នុង នេះ ដែរ ទេ ?, Is Company Exist
តើ មាន ក្រុម ហ៊ុន Book Me Bus ក្នុង កន្លែង នេះ ដែរ ទេ ?, Is Company Exist
តើ មាន ក្រុម ហ៊ុន Book Me Bus ក្នុង ទី នេះ ដែរ ទេ ?, Is Company Exist
តើ មាន ក្រុម ហ៊ុន Book Me Bus នៅ ខាង ក្នុង អគារ នេះ ដែរ ទេ ?, Is Company Exist
តើ មាន ក្រុម ហ៊ុន Book Me Bus នៅ ខាង ក្នុង អគារនវានុវត្តន៍/B-BUILD ដែរ ទេ ?, Is Company Exist
តើ មាន ក្រុម ហ៊ុន Book Me Bus នៅ ខាង ក្នុង នេះ ដែរ ទេ ?, Is Company Exist
តើ មាន ក្រុម ហ៊ុន Book Me Bus នៅ ខាង ក្នុង កន្លែង នេះ ដែរ ទេ ?, Is Company Exist
តើ មាន ក្រុម ហ៊ុន Book Me Bus នៅ ខាង ក្នុង ទី នេះ ដែរ ទេ ?, Is Company Exist
តើ មាន ក្រុម ហ៊ុន Book Me Bus នៅ នឹង អគារ នេះ ដែរ ទេ ?, Is Company Exist
តើ មាន ក្រុម ហ៊ុន Book Me Bus នៅ នឹង អគារនវានុវត្តន៍/B-BUILD ដែរ ទេ ?, Is Company Exist
តើ មាន ក្រុម ហ៊ុន Book Me Bus នៅ នឹង នេះ ដែរ ទេ ?, Is Company Exist
តើ មាន ក្រុម ហ៊ុន Book Me Bus នៅ នឹង កន្លែង នេះ ដែរ ទេ ?, Is Company Exist
តើ មាន ក្រុម ហ៊ុន Book Me Bus នៅ នឹង ទី នេះ ដែរ ទេ ?, Is Company Exist
តើ មាន ក្រុម ហ៊ុន Book Me Bus នៅ ក្នុង អគារ នេះ ដែល ទេ ?, Is Company Exist
តើ មាន ក្រុម ហ៊ុន Book Me Bus នៅ ក្នុង អគារនវានុវត្តន៍/B-BUILD ដែល ទេ ?, Is Company Exist
តើ មាន ក្រុម ហ៊ុន Book Me Bus នៅ ក្នុង នេះ ដែល ទេ ?, Is Company Exist
តើ មាន ក្រុម ហ៊ុន Book Me Bus នៅ ក្នុង កន្លែង នេះ ដែល ទេ ?, Is Company Exist
តើ មាន ក្រុម ហ៊ុន Book Me Bus នៅ ក្នុង ទី នេះ ដែល ទេ ?, Is Company Exist
តើ មាន ក្រុម ហ៊ុន Book Me Bus ក្នុង អគារ នេះ ដែល ទេ ?, Is Company Exist
តើ មាន ក្រុម ហ៊ុន Book Me Bus ក្នុង អគារនវានុវត្តន៍/B-BUILD ដែល ទេ ?, Is Company Exist
តើ មាន ក្រុម ហ៊ុន Book Me Bus ក្នុង នេះ ដែល ទេ ?, Is Company Exist
តើ មាន ក្រុម ហ៊ុន Book Me Bus ក្នុង កន្លែង នេះ ដែល ទេ ?, Is Company Exist
តើ មាន ក្រុម ហ៊ុន Book Me Bus ក្នុង ទី នេះ ដែល ទេ ?, Is Company Exist
តើ មាន ក្រុម ហ៊ុន Book Me Bus នៅ ខាង ក្នុង អគារ នេះ ដែល ទេ ?, Is Company Exist
តើ មាន ក្រុម ហ៊ុន Book Me Bus នៅ ខាង ក្នុង អគារនវានុវត្តន៍/B-BUILD ដែល ទេ ?, Is Company Exist
តើ មាន ក្រុម ហ៊ុន Book Me Bus នៅ ខាង ក្នុង នេះ ដែល ទេ ?, Is Company Exist
តើ មាន ក្រុម ហ៊ុន Book Me Bus នៅ ខាង ក្នុង កន្លែង នេះ ដែល ទេ ?, Is Company Exist
តើ មាន ក្រុម ហ៊ុន Book Me Bus នៅ ខាង ក្នុង ទី នេះ ដែល ទេ ?, Is Company Exist
តើ មាន ក្រុម ហ៊ុន Book Me Bus នៅ នឹង អគារ នេះ ដែល ទេ ?, Is Company Exist
តើ មាន ក្រុម ហ៊ុន Book Me Bus នៅ នឹង អគារនវានុវត្តន៍/B-BUILD ដែល ទេ ?, Is Company Exist
តើ មាន ក្រុម ហ៊ុន Book Me Bus នៅ នឹង នេះ ដែល ទេ ?, Is Company Exist
តើ មាន ក្រុម ហ៊ុន Book Me Bus នៅ នឹង កន្លែង នេះ ដែល ទេ ?, Is Company Exist
តើ មាន ក្រុម ហ៊ុន Book Me Bus នៅ នឹង ទី នេះ ដែល ទេ ?, Is Company Exist
តើ មាន ស្ថាប័ន Book MeBus នៅ ក្នុង អគារ នេះ ទេ ?, Is Company Exist
តើ មាន ស្ថាប័ន Book MeBus នៅ ក្នុង អគារនវានុវត្តន៍/B-BUILD ទេ ?, Is Company Exist
តើ មាន ស្ថាប័ន Book MeBus នៅ ក្នុង នេះ ទេ ?, Is Company Exist
តើ មាន ស្ថាប័ន Book MeBus នៅ ក្នុង កន្លែង នេះ ទេ ?, Is Company Exist
តើ មាន ស្ថាប័ន Book MeBus នៅ ក្នុង ទី នេះ ទេ ?, Is Company Exist
តើ មាន ស្ថាប័ន Book MeBus ក្នុង អគារ នេះ ទេ ?, Is Company Exist
តើ មាន ស្ថាប័ន Book MeBus ក្នុង អគារនវានុវត្តន៍/B-BUILD ទេ ?, Is Company Exist
តើ មាន ស្ថាប័ន Book MeBus ក្នុង នេះ ទេ ?, Is Company Exist
តើ មាន ស្ថាប័ន Book MeBus ក្នុង កន្លែង នេះ ទេ ?, Is Company Exist
តើ មាន ស្ថាប័ន Book MeBus ក្នុង ទី នេះ ទេ ?, Is Company Exist
តើ មាន ស្ថាប័ន Book MeBus នៅ ខាង ក្នុង អគារ នេះ ទេ ?, Is Company Exist
តើ មាន ស្ថាប័ន Book MeBus នៅ ខាង ក្នុង អគារនវានុវត្តន៍/B-BUILD ទេ ?, Is Company Exist
តើ មាន ស្ថាប័ន Book MeBus នៅ ខាង ក្នុង នេះ ទេ ?, Is Company Exist
តើ មាន ស្ថាប័ន Book MeBus នៅ ខាង ក្នុង កន្លែង នេះ ទេ ?, Is Company Exist
តើ មាន ស្ថាប័ន Book MeBus នៅ ខាង ក្នុង ទី នេះ ទេ ?, Is Company Exist
តើ មាន ស្ថាប័ន Book MeBus នៅ នឹង អគារ នេះ ទេ ?, Is Company Exist
តើ មាន ស្ថាប័ន Book MeBus នៅ នឹង អគារនវានុវត្តន៍/B-BUILD ទេ ?, Is Company Exist
តើ មាន ស្ថាប័ន Book MeBus នៅ នឹង នេះ ទេ ?, Is Company Exist
តើ មាន ស្ថាប័ន Book MeBus នៅ នឹង កន្លែង នេះ ទេ ?, Is Company Exist
តើ មាន ស្ថាប័ន Book MeBus នៅ នឹង ទី នេះ ទេ ?, Is Company Exist
តើ មាន ស្ថាប័ន Book MeBus នៅ ក្នុង អគារ នេះ ឬ ទេ ?, Is Company Exist
តើ មាន ស្ថាប័ន Book MeBus នៅ ក្នុង អគារនវានុវត្តន៍/B-BUILD ឬ ទេ ?, Is Company Exist
តើ មាន ស្ថាប័ន Book MeBus នៅ ក្នុង នេះ ឬ ទេ ?, Is Company Exist
តើ មាន ស្ថាប័ន Book MeBus នៅ ក្នុង កន្លែង នេះ ឬ ទេ ?, Is Company Exist
តើ មាន ស្ថាប័ន Book MeBus នៅ ក្នុង ទី នេះ ឬ ទេ ?, Is Company Exist
តើ មាន ស្ថាប័ន Book MeBus ក្នុង អគារ នេះ ឬ ទេ ?, Is Company Exist
តើ មាន ស្ថាប័ន Book MeBus ក្នុង អគារនវានុវត្តន៍/B-BUILD ឬ ទេ ?, Is Company Exist
តើ មាន ស្ថាប័ន Book MeBus ក្នុង នេះ ឬ ទេ ?, Is Company Exist
តើ មាន ស្ថាប័ន Book MeBus ក្នុង កន្លែង នេះ ឬ ទេ ?, Is Company Exist
តើ មាន ស្ថាប័ន Book MeBus ក្នុង ទី នេះ ឬ ទេ ?, Is Company Exist
តើ មាន ស្ថាប័ន Book MeBus នៅ ខាង ក្នុង អគារ នេះ ឬ ទេ ?, Is Company Exist
តើ មាន ស្ថាប័ន Book MeBus នៅ ខាង ក្នុង អគារនវានុវត្តន៍/B-BUILD ឬ ទេ ?, Is Company Exist
តើ មាន ស្ថាប័ន Book MeBus នៅ ខាង ក្នុង នេះ ឬ ទេ ?, Is Company Exist
តើ មាន ស្ថាប័ន Book MeBus នៅ ខាង ក្នុង កន្លែង នេះ ឬ ទេ ?, Is Company Exist
តើ មាន ស្ថាប័ន Book MeBus នៅ ខាង ក្នុង ទី នេះ ឬ ទេ ?, Is Company Exist
តើ មាន ស្ថាប័ន Book MeBus នៅ នឹង អគារ នេះ ឬ ទេ ?, Is Company Exist
តើ មាន ស្ថាប័ន Book MeBus នៅ នឹង អគារនវានុវត្តន៍/B-BUILD ឬ ទេ ?, Is Company Exist
តើ មាន ស្ថាប័ន Book MeBus នៅ នឹង នេះ ឬ ទេ ?, Is Company Exist
តើ មាន ស្ថាប័ន Book MeBus នៅ នឹង កន្លែង នេះ ឬ ទេ ?, Is Company Exist
តើ មាន ស្ថាប័ន Book MeBus នៅ នឹង ទី នេះ ឬ ទេ ?, Is Company Exist
តើ មាន ស្ថាប័ន Book MeBus នៅ ក្នុង អគារ នេះ ដែរ ទេ ?, Is Company Exist
តើ មាន ស្ថាប័ន Book MeBus នៅ ក្នុង អគារនវានុវត្តន៍/B-BUILD ដែរ ទេ ?, Is Company Exist
តើ មាន ស្ថាប័ន Book MeBus នៅ ក្នុង នេះ ដែរ ទេ ?, Is Company Exist
តើ មាន ស្ថាប័ន Book MeBus នៅ ក្នុង កន្លែង នេះ ដែរ ទេ ?, Is Company Exist
តើ មាន ស្ថាប័ន Book MeBus នៅ ក្នុង ទី នេះ ដែរ ទេ ?, Is Company Exist
តើ មាន ស្ថាប័ន Book MeBus ក្នុង អគារ នេះ ដែរ ទេ ?, Is Company Exist
តើ មាន ស្ថាប័ន Book MeBus ក្នុង អគារនវានុវត្តន៍/B-BUILD ដែរ ទេ ?, Is Company Exist
តើ មាន ស្ថាប័ន Book MeBus ក្នុង នេះ ដែរ ទេ ?, Is Company Exist
តើ មាន ស្ថាប័ន Book MeBus ក្នុង កន្លែង នេះ ដែរ ទេ ?, Is Company Exist
តើ មាន ស្ថាប័ន Book MeBus ក្នុង ទី នេះ ដែរ ទេ ?, Is Company Exist
តើ មាន ស្ថាប័ន Book MeBus នៅ ខាង ក្នុង អគារ នេះ ដែរ ទេ ?, Is Company Exist
តើ មាន ស្ថាប័ន Book MeBus នៅ ខាង ក្នុង អគារនវានុវត្តន៍/B-BUILD ដែរ ទេ ?, Is Company Exist
តើ មាន ស្ថាប័ន Book MeBus នៅ ខាង ក្នុង នេះ ដែរ ទេ ?, Is Company Exist
តើ មាន ស្ថាប័ន Book MeBus នៅ ខាង ក្នុង កន្លែង នេះ ដែរ ទេ ?, Is Company Exist
តើ មាន ស្ថាប័ន Book MeBus នៅ ខាង ក្នុង ទី នេះ ដែរ ទេ ?, Is Company Exist
តើ មាន ស្ថាប័ន Book MeBus នៅ នឹង អគារ នេះ ដែរ ទេ ?, Is Company Exist
តើ មាន ស្ថាប័ន Book MeBus នៅ នឹង អគារនវានុវត្តន៍/B-BUILD ដែរ ទេ ?, Is Company Exist
តើ មាន ស្ថាប័ន Book MeBus នៅ នឹង នេះ ដែរ ទេ ?, Is Company Exist
តើ មាន ស្ថាប័ន Book MeBus នៅ នឹង កន្លែង នេះ ដែរ ទេ ?, Is Company Exist
តើ មាន ស្ថាប័ន Book MeBus នៅ នឹង ទី នេះ ដែរ ទេ ?, Is Company Exist
តើ មាន ស្ថាប័ន Book MeBus នៅ ក្នុង អគារ នេះ ដែល ទេ ?, Is Company Exist
តើ មាន ស្ថាប័ន Book MeBus នៅ ក្នុង អគារនវានុវត្តន៍/B-BUILD ដែល ទេ ?, Is Company Exist
តើ មាន ស្ថាប័ន Book MeBus នៅ ក្នុង នេះ ដែល ទេ ?, Is Company Exist
តើ មាន ស្ថាប័ន Book MeBus នៅ ក្នុង កន្លែង នេះ ដែល ទេ ?, Is Company Exist
តើ មាន ស្ថាប័ន Book MeBus នៅ ក្នុង ទី នេះ ដែល ទេ ?, Is Company Exist
តើ មាន ស្ថាប័ន Book MeBus ក្នុង អគារ នេះ ដែល ទេ ?, Is Company Exist
តើ មាន ស្ថាប័ន Book MeBus ក្នុង អគារនវានុវត្តន៍/B-BUILD ដែល ទេ ?, Is Company Exist
តើ មាន ស្ថាប័ន Book MeBus ក្នុង នេះ ដែល ទេ ?, Is Company Exist
តើ មាន ស្ថាប័ន Book MeBus ក្នុង កន្លែង នេះ ដែល ទេ ?, Is Company Exist
តើ មាន ស្ថាប័ន Book MeBus ក្នុង ទី នេះ ដែល ទេ ?, Is Company Exist
តើ មាន ស្ថាប័ន Book MeBus នៅ ខាង ក្នុង អគារ នេះ ដែល ទេ ?, Is Company Exist
តើ មាន ស្ថាប័ន Book MeBus នៅ ខាង ក្នុង អគារនវានុវត្តន៍/B-BUILD ដែល ទេ ?, Is Company Exist
តើ មាន ស្ថាប័ន Book MeBus នៅ ខាង ក្នុង នេះ ដែល ទេ ?, Is Company Exist
តើ មាន ស្ថាប័ន Book MeBus នៅ ខាង ក្នុង កន្លែង នេះ ដែល ទេ ?, Is Company Exist
តើ មាន ស្ថាប័ន Book MeBus នៅ ខាង ក្នុង ទី នេះ ដែល ទេ ?, Is Company Exist
តើ មាន ស្ថាប័ន Book MeBus នៅ នឹង អគារ នេះ ដែល ទេ ?, Is Company Exist
តើ មាន ស្ថាប័ន Book MeBus នៅ នឹង អគារនវានុវត្តន៍/B-BUILD ដែល ទេ ?, Is Company Exist
តើ មាន ស្ថាប័ន Book MeBus នៅ នឹង នេះ ដែល ទេ ?, Is Company Exist
តើ មាន ស្ថាប័ន Book MeBus នៅ នឹង កន្លែង នេះ ដែល ទេ ?, Is Company Exist
តើ មាន ស្ថាប័ន Book MeBus នៅ នឹង ទី នេះ ដែល ទេ ?, Is Company Exist
