query,entities
បន្ទប់ទឹកនៅណា?,
បន្ទប់ទឹកនៅឯណា?,
បន្ទប់ទឹកនៅកន្លែងណា?,
បន្ទប់ទឹកនៅទីណា?,
បង្គន់នៅណា?,
បង្គន់នៅឯណា?,
បង្គន់នៅកន្លែងណា?,
បង្គន់នៅទីណា?,
បង្គន់បត់ជើងនៅណា?,
បង្គន់បត់ជើងនៅឯណា?,
បង្គន់បត់ជើងនៅកន្លែងណា?,
បង្គន់បត់ជើងនៅទីណា?,
បង្គន់អណាម័យនៅណា?,
បង្គន់អណាម័យនៅឯណា?,
បង្គន់អណាម័យនៅកន្លែងណា?,
បង្គន់អណាម័យនៅទីណា?,
បង្គន់នោមនៅណា?,
បង្គន់នោមនៅឯណា?,
បង្គន់នោមនៅកន្លែងណា?,
បង្គន់នោមនៅទីណា?,
កន្លែងបត់ជើងនៅណា?,
កន្លែងបត់ជើងនៅឯណា?,
កន្លែងបត់ជើងនៅកន្លែងណា?,
កន្លែងបត់ជើងនៅទីណា?,
កន្លែងបន្ទោរបង់នៅណា?,
កន្លែងបន្ទោរបង់នៅឯណា?,
កន្លែងបន្ទោរបង់នៅកន្លែងណា?,
កន្លែងបន្ទោរបង់នៅទីណា?,
កន្លែងជុះនៅណា?,
កន្លែងជុះនៅឯណា?,
កន្លែងជុះនៅកន្លែងណា?,
កន្លែងជុះនៅទីណា?,
កន្លែងនោមនៅណា?,
កន្លែងនោមនៅឯណា?,
កន្លែងនោមនៅកន្លែងណា?,
កន្លែងនោមនៅទីណា?,
កន្លែងដោះទុកសត្វនៅណា?,
កន្លែងដោះទុកសត្វនៅឯណា?,
កន្លែងដោះទុកសត្វនៅកន្លែងណា?,
កន្លែងដោះទុកសត្វនៅទីណា?,
កន្លែងជុះនោមនៅណា?,
កន្លែងជុះនោមនៅឯណា?,
កន្លែងជុះនោមនៅកន្លែងណា?,
កន្លែងជុះនោមនៅទីណា?,
នៅជាន់នេះបន្ទប់ទឹកនៅណា?,
នៅជាន់នេះបន្ទប់ទឹកនៅឯណា?,
នៅជាន់នេះបន្ទប់ទឹកនៅកន្លែងណា?,
នៅជាន់នេះបន្ទប់ទឹកនៅទីណា?,
នៅជាន់នេះបង្គន់នៅណា?,
នៅជាន់នេះបង្គន់នៅឯណា?,
នៅជាន់នេះបង្គន់នៅកន្លែងណា?,
នៅជាន់នេះបង្គន់នៅទីណា?,
នៅជាន់នេះបង្គន់បត់ជើងនៅណា?,
នៅជាន់នេះបង្គន់បត់ជើងនៅឯណា?,
នៅជាន់នេះបង្គន់បត់ជើងនៅកន្លែងណា?,
នៅជាន់នេះបង្គន់បត់ជើងនៅទីណា?,
នៅជាន់នេះបង្គន់អណាម័យនៅណា?,
នៅជាន់នេះបង្គន់អណាម័យនៅឯណា?,
នៅជាន់នេះបង្គន់អណាម័យនៅកន្លែងណា?,
នៅជាន់នេះបង្គន់អណាម័យនៅទីណា?,
នៅជាន់នេះបង្គន់នោមនៅណា?,
នៅជាន់នេះបង្គន់នោមនៅឯណា?,
នៅជាន់នេះបង្គន់នោមនៅកន្លែងណា?,
នៅជាន់នេះបង្គន់នោមនៅទីណា?,
នៅជាន់នេះកន្លែងបត់ជើងនៅណា?,
នៅជាន់នេះកន្លែងបត់ជើងនៅឯណា?,
នៅជាន់នេះកន្លែងបត់ជើងនៅកន្លែងណា?,
នៅជាន់នេះកន្លែងបត់ជើងនៅទីណា?,
នៅជាន់នេះកន្លែងបន្ទោរបង់នៅណា?,
នៅជាន់នេះកន្លែងបន្ទោរបង់នៅឯណា?,
នៅជាន់នេះកន្លែងបន្ទោរបង់នៅកន្លែងណា?,
នៅជាន់នេះកន្លែងបន្ទោរបង់នៅទីណា?,
នៅជាន់នេះកន្លែងជុះនៅណា?,
នៅជាន់នេះកន្លែងជុះនៅឯណា?,
នៅជាន់នេះកន្លែងជុះនៅកន្លែងណា?,
នៅជាន់នេះកន្លែងជុះនៅទីណា?,
នៅជាន់នេះកន្លែងនោមនៅណា?,
នៅជាន់នេះកន្លែងនោមនៅឯណា?,
នៅជាន់នេះកន្លែងនោមនៅកន្លែងណា?,
នៅជាន់នេះកន្លែងនោមនៅទីណា?,
នៅជាន់នេះកន្លែងដោះទុកសត្វនៅណា?,
នៅជាន់នេះកន្លែងដោះទុកសត្វនៅឯណា?,
នៅជាន់នេះកន្លែងដោះទុកសត្វនៅកន្លែងណា?,
នៅជាន់នេះកន្លែងដោះទុកសត្វនៅទីណា?,
នៅជាន់នេះកន្លែងជុះនោមនៅណា?,
នៅជាន់នេះកន្លែងជុះនោមនៅឯណា?,
នៅជាន់នេះកន្លែងជុះនោមនៅកន្លែងណា?,
នៅជាន់នេះកន្លែងជុះនោមនៅទីណា?,
នៅជាន់លើបន្ទប់ទឹកនៅណា?,
នៅជាន់លើបន្ទប់ទឹកនៅឯណា?,
នៅជាន់លើបន្ទប់ទឹកនៅកន្លែងណា?,
នៅជាន់លើបន្ទប់ទឹកនៅទីណា?,
នៅជាន់លើបង្គន់នៅណា?,
នៅជាន់លើបង្គន់នៅឯណា?,
នៅជាន់លើបង្គន់នៅកន្លែងណា?,
នៅជាន់លើបង្គន់នៅទីណា?,
នៅជាន់លើបង្គន់បត់ជើងនៅណា?,
នៅជាន់លើបង្គន់បត់ជើងនៅឯណា?,
នៅជាន់លើបង្គន់បត់ជើងនៅកន្លែងណា?,
នៅជាន់លើបង្គន់បត់ជើងនៅទីណា?,
នៅជាន់លើបង្គន់អណាម័យនៅណា?,
នៅជាន់លើបង្គន់អណាម័យនៅឯណា?,
នៅជាន់លើបង្គន់អណាម័យនៅកន្លែងណា?,
នៅជាន់លើបង្គន់អណាម័យនៅទីណា?,
នៅជាន់លើបង្គន់នោមនៅណា?,
នៅជាន់លើបង្គន់នោមនៅឯណា?,
នៅជាន់លើបង្គន់នោមនៅកន្លែងណា?,
នៅជាន់លើបង្គន់នោមនៅទីណា?,
នៅជាន់លើកន្លែងបត់ជើងនៅណា?,
នៅជាន់លើកន្លែងបត់ជើងនៅឯណា?,
នៅជាន់លើកន្លែងបត់ជើងនៅកន្លែងណា?,
នៅជាន់លើកន្លែងបត់ជើងនៅទីណា?,
នៅជាន់លើកន្លែងបន្ទោរបង់នៅណា?,
នៅជាន់លើកន្លែងបន្ទោរបង់នៅឯណា?,
នៅជាន់លើកន្លែងបន្ទោរបង់នៅកន្លែងណា?,
នៅជាន់លើកន្លែងបន្ទោរបង់នៅទីណា?,
នៅជាន់លើកន្លែងជុះនៅណា?,
នៅជាន់លើកន្លែងជុះនៅឯណា?,
នៅជាន់លើកន្លែងជុះនៅកន្លែងណា?,
នៅជាន់លើកន្លែងជុះនៅទីណា?,
នៅជាន់លើកន្លែងនោមនៅណា?,
នៅជាន់លើកន្លែងនោមនៅឯណា?,
នៅជាន់លើកន្លែងនោមនៅកន្លែងណា?,
នៅជាន់លើកន្លែងនោមនៅទីណា?,
នៅជាន់លើកន្លែងដោះទុកសត្វនៅណា?,
នៅជាន់លើកន្លែងដោះទុកសត្វនៅឯណា?,
នៅជាន់លើកន្លែងដោះទុកសត្វនៅកន្លែងណា?,
នៅជាន់លើកន្លែងដោះទុកសត្វនៅទីណា?,
នៅជាន់លើកន្លែងជុះនោមនៅណា?,
នៅជាន់លើកន្លែងជុះនោមនៅឯណា?,
នៅជាន់លើកន្លែងជុះនោមនៅកន្លែងណា?,
នៅជាន់លើកន្លែងជុះនោមនៅទីណា?,
នៅជាន់ក្រោមបន្ទប់ទឹកនៅណា?,
នៅជាន់ក្រោមបន្ទប់ទឹកនៅឯណា?,
នៅជាន់ក្រោមបន្ទប់ទឹកនៅកន្លែងណា?,
នៅជាន់ក្រោមបន្ទប់ទឹកនៅទីណា?,
នៅជាន់ក្រោមបង្គន់នៅណា?,
នៅជាន់ក្រោមបង្គន់នៅឯណា?,
នៅជាន់ក្រោមបង្គន់នៅកន្លែងណា?,
នៅជាន់ក្រោមបង្គន់នៅទីណា?,
នៅជាន់ក្រោមបង្គន់បត់ជើងនៅណា?,
នៅជាន់ក្រោមបង្គន់បត់ជើងនៅឯណា?,
នៅជាន់ក្រោមបង្គន់បត់ជើងនៅកន្លែងណា?,
នៅជាន់ក្រោមបង្គន់បត់ជើងនៅទីណា?,
នៅជាន់ក្រោមបង្គន់អណាម័យនៅណា?,
នៅជាន់ក្រោមបង្គន់អណាម័យនៅឯណា?,
នៅជាន់ក្រោមបង្គន់អណាម័យនៅកន្លែងណា?,
នៅជាន់ក្រោមបង្គន់អណាម័យនៅទីណា?,
នៅជាន់ក្រោមបង្គន់នោមនៅណា?,
នៅជាន់ក្រោមបង្គន់នោមនៅឯណា?,
នៅជាន់ក្រោមបង្គន់នោមនៅកន្លែងណា?,
នៅជាន់ក្រោមបង្គន់នោមនៅទីណា?,
នៅជាន់ក្រោមកន្លែងបត់ជើងនៅណា?,
នៅជាន់ក្រោមកន្លែងបត់ជើងនៅឯណា?,
នៅជាន់ក្រោមកន្លែងបត់ជើងនៅកន្លែងណា?,
នៅជាន់ក្រោមកន្លែងបត់ជើងនៅទីណា?,
នៅជាន់ក្រោមកន្លែងបន្ទោរបង់នៅណា?,
នៅជាន់ក្រោមកន្លែងបន្ទោរបង់នៅឯណា?,
នៅជាន់ក្រោមកន្លែងបន្ទោរបង់នៅកន្លែងណា?,
នៅជាន់ក្រោមកន្លែងបន្ទោរបង់នៅទីណា?,
នៅជាន់ក្រោមកន្លែងជុះនៅណា?,
នៅជាន់ក្រោមកន្លែងជុះនៅឯណា?,
នៅជាន់ក្រោមកន្លែងជុះនៅកន្លែងណា?,
នៅជាន់ក្រោមកន្លែងជុះនៅទីណា?,
នៅជាន់ក្រោមកន្លែងនោមនៅណា?,
នៅជាន់ក្រោមកន្លែងនោមនៅឯណា?,
នៅជាន់ក្រោមកន្លែងនោមនៅកន្លែងណា?,
នៅជាន់ក្រោមកន្លែងនោមនៅទីណា?,
នៅជាន់ក្រោមកន្លែងដោះទុកសត្វនៅណា?,
នៅជាន់ក្រោមកន្លែងដោះទុកសត្វនៅឯណា?,
នៅជាន់ក្រោមកន្លែងដោះទុកសត្វនៅកន្លែងណា?,
នៅជាន់ក្រោមកន្លែងដោះទុកសត្វនៅទីណា?,
នៅជាន់ក្រោមកន្លែងជុះនោមនៅណា?,
នៅជាន់ក្រោមកន្លែងជុះនោមនៅឯណា?,
នៅជាន់ក្រោមកន្លែងជុះនោមនៅកន្លែងណា?,
នៅជាន់ក្រោមកន្លែងជុះនោមនៅទីណា?,
នៅជាន់ទី១បន្ទប់ទឹកនៅណា?,
នៅជាន់ទី១បន្ទប់ទឹកនៅឯណា?,
នៅជាន់ទី១បន្ទប់ទឹកនៅកន្លែងណា?,
នៅជាន់ទី១បន្ទប់ទឹកនៅទីណា?,
នៅជាន់ទី១បង្គន់នៅណា?,
នៅជាន់ទី១បង្គន់នៅឯណា?,
នៅជាន់ទី១បង្គន់នៅកន្លែងណា?,
នៅជាន់ទី១បង្គន់នៅទីណា?,
នៅជាន់ទី១បង្គន់បត់ជើងនៅណា?,
នៅជាន់ទី១បង្គន់បត់ជើងនៅឯណា?,
នៅជាន់ទី១បង្គន់បត់ជើងនៅកន្លែងណា?,
នៅជាន់ទី១បង្គន់បត់ជើងនៅទីណា?,
នៅជាន់ទី១បង្គន់អណាម័យនៅណា?,
នៅជាន់ទី១បង្គន់អណាម័យនៅឯណា?,
នៅជាន់ទី១បង្គន់អណាម័យនៅកន្លែងណា?,
នៅជាន់ទី១បង្គន់អណាម័យនៅទីណា?,
នៅជាន់ទី១បង្គន់នោមនៅណា?,
នៅជាន់ទី១បង្គន់នោមនៅឯណា?,
នៅជាន់ទី១បង្គន់នោមនៅកន្លែងណា?,
នៅជាន់ទី១បង្គន់នោមនៅទីណា?,
នៅជាន់ទី១កន្លែងបត់ជើងនៅណា?,
នៅជាន់ទី១កន្លែងបត់ជើងនៅឯណា?,
នៅជាន់ទី១កន្លែងបត់ជើងនៅកន្លែងណា?,
នៅជាន់ទី១កន្លែងបត់ជើងនៅទីណា?,
នៅជាន់ទី១កន្លែងបន្ទោរបង់នៅណា?,
នៅជាន់ទី១កន្លែងបន្ទោរបង់នៅឯណា?,
នៅជាន់ទី១កន្លែងបន្ទោរបង់នៅកន្លែងណា?,
នៅជាន់ទី១កន្លែងបន្ទោរបង់នៅទីណា?,
នៅជាន់ទី១កន្លែងជុះនៅណា?,
នៅជាន់ទី១កន្លែងជុះនៅឯណា?,
នៅជាន់ទី១កន្លែងជុះនៅកន្លែងណា?,
នៅជាន់ទី១កន្លែងជុះនៅទីណា?,
នៅជាន់ទី១កន្លែងនោមនៅណា?,
នៅជាន់ទី១កន្លែងនោមនៅឯណា?,
នៅជាន់ទី១កន្លែងនោមនៅកន្លែងណា?,
នៅជាន់ទី១កន្លែងនោមនៅទីណា?,
នៅជាន់ទី១កន្លែងដោះទុកសត្វនៅណា?,
នៅជាន់ទី១កន្លែងដោះទុកសត្វនៅឯណា?,
នៅជាន់ទី១កន្លែងដោះទុកសត្វនៅកន្លែងណា?,
នៅជាន់ទី១កន្លែងដោះទុកសត្វនៅទីណា?,
នៅជាន់ទី១កន្លែងជុះនោមនៅណា?,
នៅជាន់ទី១កន្លែងជុះនោមនៅឯណា?,
នៅជាន់ទី១កន្លែងជុះនោមនៅកន្លែងណា?,
នៅជាន់ទី១កន្លែងជុះនោមនៅទីណា?,
នៅជាន់ទី២បន្ទប់ទឹកនៅណា?,
នៅជាន់ទី២បន្ទប់ទឹកនៅឯណា?,
នៅជាន់ទី២បន្ទប់ទឹកនៅកន្លែងណា?,
នៅជាន់ទី២បន្ទប់ទឹកនៅទីណា?,
នៅជាន់ទី២បង្គន់នៅណា?,
នៅជាន់ទី២បង្គន់នៅឯណា?,
នៅជាន់ទី២បង្គន់នៅកន្លែងណា?,
នៅជាន់ទី២បង្គន់នៅទីណា?,
នៅជាន់ទី២បង្គន់បត់ជើងនៅណា?,
នៅជាន់ទី២បង្គន់បត់ជើងនៅឯណា?,
នៅជាន់ទី២បង្គន់បត់ជើងនៅកន្លែងណា?,
នៅជាន់ទី២បង្គន់បត់ជើងនៅទីណា?,
នៅជាន់ទី២បង្គន់អណាម័យនៅណា?,
នៅជាន់ទី២បង្គន់អណាម័យនៅឯណា?,
នៅជាន់ទី២បង្គន់អណាម័យនៅកន្លែងណា?,
នៅជាន់ទី២បង្គន់អណាម័យនៅទីណា?,
នៅជាន់ទី២បង្គន់នោមនៅណា?,
នៅជាន់ទី២បង្គន់នោមនៅឯណា?,
នៅជាន់ទី២បង្គន់នោមនៅកន្លែងណា?,
នៅជាន់ទី២បង្គន់នោមនៅទីណា?,
នៅជាន់ទី២កន្លែងបត់ជើងនៅណា?,
នៅជាន់ទី២កន្លែងបត់ជើងនៅឯណា?,
នៅជាន់ទី២កន្លែងបត់ជើងនៅកន្លែងណា?,
នៅជាន់ទី២កន្លែងបត់ជើងនៅទីណា?,
នៅជាន់ទី២កន្លែងបន្ទោរបង់នៅណា?,
នៅជាន់ទី២កន្លែងបន្ទោរបង់នៅឯណា?,
នៅជាន់ទី២កន្លែងបន្ទោរបង់នៅកន្លែងណា?,
នៅជាន់ទី២កន្លែងបន្ទោរបង់នៅទីណា?,
នៅជាន់ទី២កន្លែងជុះនៅណា?,
នៅជាន់ទី២កន្លែងជុះនៅឯណា?,
នៅជាន់ទី២កន្លែងជុះនៅកន្លែងណា?,
នៅជាន់ទី២កន្លែងជុះនៅទីណា?,
នៅជាន់ទី២កន្លែងនោមនៅណា?,
នៅជាន់ទី២កន្លែងនោមនៅឯណា?,
នៅជាន់ទី២កន្លែងនោមនៅកន្លែងណា?,
នៅជាន់ទី២កន្លែងនោមនៅទីណា?,
នៅជាន់ទី២កន្លែងដោះទុកសត្វនៅណា?,
នៅជាន់ទី២កន្លែងដោះទុកសត្វនៅឯណា?,
នៅជាន់ទី២កន្លែងដោះទុកសត្វនៅកន្លែងណា?,
នៅជាន់ទី២កន្លែងដោះទុកសត្វនៅទីណា?,
នៅជាន់ទី២កន្លែងជុះនោមនៅណា?,
នៅជាន់ទី២កន្លែងជុះនោមនៅឯណា?,
នៅជាន់ទី២កន្លែងជុះនោមនៅកន្លែងណា?,
នៅជាន់ទី២កន្លែងជុះនោមនៅទីណា?,
នៅជាន់ផ្ទាល់ដីបន្ទប់ទឹកនៅណា?,
នៅជាន់ផ្ទាល់ដីបន្ទប់ទឹកនៅឯណា?,
នៅជាន់ផ្ទាល់ដីបន្ទប់ទឹកនៅកន្លែងណា?,
នៅជាន់ផ្ទាល់ដីបន្ទប់ទឹកនៅទីណា?,
នៅជាន់ផ្ទាល់ដីបង្គន់នៅណា?,
នៅជាន់ផ្ទាល់ដីបង្គន់នៅឯណា?,
នៅជាន់ផ្ទាល់ដីបង្គន់នៅកន្លែងណា?,
នៅជាន់ផ្ទាល់ដីបង្គន់នៅទីណា?,
នៅជាន់ផ្ទាល់ដីបង្គន់បត់ជើងនៅណា?,
នៅជាន់ផ្ទាល់ដីបង្គន់បត់ជើងនៅឯណា?,
នៅជាន់ផ្ទាល់ដីបង្គន់បត់ជើងនៅកន្លែងណា?,
នៅជាន់ផ្ទាល់ដីបង្គន់បត់ជើងនៅទីណា?,
នៅជាន់ផ្ទាល់ដីបង្គន់អណាម័យនៅណា?,
នៅជាន់ផ្ទាល់ដីបង្គន់អណាម័យនៅឯណា?,
នៅជាន់ផ្ទាល់ដីបង្គន់អណាម័យនៅកន្លែងណា?,
នៅជាន់ផ្ទាល់ដីបង្គន់អណាម័យនៅទីណា?,
នៅជាន់ផ្ទាល់ដីបង្គន់នោមនៅណា?,
នៅជាន់ផ្ទាល់ដីបង្គន់នោមនៅឯណា?,
នៅជាន់ផ្ទាល់ដីបង្គន់នោមនៅកន្លែងណា?,
នៅជាន់ផ្ទាល់ដីបង្គន់នោមនៅទីណា?,
នៅជាន់ផ្ទាល់ដីកន្លែងបត់ជើងនៅណា?,
នៅជាន់ផ្ទាល់ដីកន្លែងបត់ជើងនៅឯណា?,
នៅជាន់ផ្ទាល់ដីកន្លែងបត់ជើងនៅកន្លែងណា?,
នៅជាន់ផ្ទាល់ដីកន្លែងបត់ជើងនៅទីណា?,
នៅជាន់ផ្ទាល់ដីកន្លែងបន្ទោរបង់នៅណា?,
នៅជាន់ផ្ទាល់ដីកន្លែងបន្ទោរបង់នៅឯណា?,
នៅជាន់ផ្ទាល់ដីកន្លែងបន្ទោរបង់នៅកន្លែងណា?,
នៅជាន់ផ្ទាល់ដីកន្លែងបន្ទោរបង់នៅទីណា?,
នៅជាន់ផ្ទាល់ដីកន្លែងជុះនៅណា?,
នៅជាន់ផ្ទាល់ដីកន្លែងជុះនៅឯណា?,
នៅជាន់ផ្ទាល់ដីកន្លែងជុះនៅកន្លែងណា?,
នៅជាន់ផ្ទាល់ដីកន្លែងជុះនៅទីណា?,
នៅជាន់ផ្ទាល់ដីកន្លែងនោមនៅណា?,
នៅជាន់ផ្ទាល់ដីកន្លែងនោមនៅឯណា?,
នៅជាន់ផ្ទាល់ដីកន្លែងនោមនៅកន្លែងណា?,
នៅជាន់ផ្ទាល់ដីកន្លែងនោមនៅទីណា?,
នៅជាន់ផ្ទាល់ដីកន្លែងដោះទុកសត្វនៅណា?,
នៅជាន់ផ្ទាល់ដីកន្លែងដោះទុកសត្វនៅឯណា?,
នៅជាន់ផ្ទាល់ដីកន្លែងដោះទុកសត្វនៅកន្លែងណា?,
នៅជាន់ផ្ទាល់ដីកន្លែងដោះទុកសត្វនៅទីណា?,
នៅជាន់ផ្ទាល់ដីកន្លែងជុះនោមនៅណា?,
នៅជាន់ផ្ទាល់ដីកន្លែងជុះនោមនៅឯណា?,
នៅជាន់ផ្ទាល់ដីកន្លែងជុះនោមនៅកន្លែងណា?,
នៅជាន់ផ្ទាល់ដីកន្លែងជុះនោមនៅទីណា?,
នៅជាន់លើគេបន្ទប់ទឹកនៅណា?,
នៅជាន់លើគេបន្ទប់ទឹកនៅឯណា?,
នៅជាន់លើគេបន្ទប់ទឹកនៅកន្លែងណា?,
នៅជាន់លើគេបន្ទប់ទឹកនៅទីណា?,
នៅជាន់លើគេបង្គន់នៅណា?,
នៅជាន់លើគេបង្គន់នៅឯណា?,
នៅជាន់លើគេបង្គន់នៅកន្លែងណា?,
នៅជាន់លើគេបង្គន់នៅទីណា?,
នៅជាន់លើគេបង្គន់បត់ជើងនៅណា?,
នៅជាន់លើគេបង្គន់បត់ជើងនៅឯណា?,
នៅជាន់លើគេបង្គន់បត់ជើងនៅកន្លែងណា?,
នៅជាន់លើគេបង្គន់បត់ជើងនៅទីណា?,
នៅជាន់លើគេបង្គន់អណាម័យនៅណា?,
នៅជាន់លើគេបង្គន់អណាម័យនៅឯណា?,
នៅជាន់លើគេបង្គន់អណាម័យនៅកន្លែងណា?,
នៅជាន់លើគេបង្គន់អណាម័យនៅទីណា?,
នៅជាន់លើគេបង្គន់នោមនៅណា?,
នៅជាន់លើគេបង្គន់នោមនៅឯណា?,
នៅជាន់លើគេបង្គន់នោមនៅកន្លែងណា?,
នៅជាន់លើគេបង្គន់នោមនៅទីណា?,
នៅជាន់លើគេកន្លែងបត់ជើងនៅណា?,
នៅជាន់លើគេកន្លែងបត់ជើងនៅឯណា?,
នៅជាន់លើគេកន្លែងបត់ជើងនៅកន្លែងណា?,
នៅជាន់លើគេកន្លែងបត់ជើងនៅទីណា?,
នៅជាន់លើគេកន្លែងបន្ទោរបង់នៅណា?,
នៅជាន់លើគេកន្លែងបន្ទោរបង់នៅឯណា?,
នៅជាន់លើគេកន្លែងបន្ទោរបង់នៅកន្លែងណា?,
នៅជាន់លើគេកន្លែងបន្ទោរបង់នៅទីណា?,
នៅជាន់លើគេកន្លែងជុះនៅណា?,
នៅជាន់លើគេកន្លែងជុះនៅឯណា?,
នៅជាន់លើគេកន្លែងជុះនៅកន្លែងណា?,
នៅជាន់លើគេកន្លែងជុះនៅទីណា?,
នៅជាន់លើគេកន្លែងនោមនៅណា?,
នៅជាន់លើគេកន្លែងនោមនៅឯណា?,
នៅជាន់លើគេកន្លែងនោមនៅកន្លែងណា?,
នៅជាន់លើគេកន្លែងនោមនៅទីណា?,
នៅជាន់លើគេកន្លែងដោះទុកសត្វនៅណា?,
នៅជាន់លើគេកន្លែងដោះទុកសត្វនៅឯណា?,
នៅជាន់លើគេកន្លែងដោះទុកសត្វនៅកន្លែងណា?,
នៅជាន់លើគេកន្លែងដោះទុកសត្វនៅទីណា?,
នៅជាន់លើគេកន្លែងជុះនោមនៅណា?,
នៅជាន់លើគេកន្លែងជុះនោមនៅឯណា?,
នៅជាន់លើគេកន្លែងជុះនោមនៅកន្លែងណា?,
នៅជាន់លើគេកន្លែងជុះនោមនៅទីណា?,
នៅជាន់លើគេបង្អស់បន្ទប់ទឹកនៅណា?,
នៅជាន់លើគេបង្អស់បន្ទប់ទឹកនៅឯណា?,
នៅជាន់លើគេបង្អស់បន្ទប់ទឹកនៅកន្លែងណា?,
នៅជាន់លើគេបង្អស់បន្ទប់ទឹកនៅទីណា?,
នៅជាន់លើគេបង្អស់បង្គន់នៅណា?,
នៅជាន់លើគេបង្អស់បង្គន់នៅឯណា?,
នៅជាន់លើគេបង្អស់បង្គន់នៅកន្លែងណា?,
នៅជាន់លើគេបង្អស់បង្គន់នៅទីណា?,
នៅជាន់លើគេបង្អស់បង្គន់បត់ជើងនៅណា?,
នៅជាន់លើគេបង្អស់បង្គន់បត់ជើងនៅឯណា?,
នៅជាន់លើគេបង្អស់បង្គន់បត់ជើងនៅកន្លែងណា?,
នៅជាន់លើគេបង្អស់បង្គន់បត់ជើងនៅទីណា?,
នៅជាន់លើគេបង្អស់បង្គន់អណាម័យនៅណា?,
នៅជាន់លើគេបង្អស់បង្គន់អណាម័យនៅឯណា?,
នៅជាន់លើគេបង្អស់បង្គន់អណាម័យនៅកន្លែងណា?,
នៅជាន់លើគេបង្អស់បង្គន់អណាម័យនៅទីណា?,
នៅជាន់លើគេបង្អស់បង្គន់នោមនៅណា?,
នៅជាន់លើគេបង្អស់បង្គន់នោមនៅឯណា?,
នៅជាន់លើគេបង្អស់បង្គន់នោមនៅកន្លែងណា?,
នៅជាន់លើគេបង្អស់បង្គន់នោមនៅទីណា?,
នៅជាន់លើគេបង្អស់កន្លែងបត់ជើងនៅណា?,
នៅជាន់លើគេបង្អស់កន្លែងបត់ជើងនៅឯណា?,
នៅជាន់លើគេបង្អស់កន្លែងបត់ជើងនៅកន្លែងណា?,
នៅជាន់លើគេបង្អស់កន្លែងបត់ជើងនៅទីណា?,
នៅជាន់លើគេបង្អស់កន្លែងបន្ទោរបង់នៅណា?,
នៅជាន់លើគេបង្អស់កន្លែងបន្ទោរបង់នៅឯណា?,
នៅជាន់លើគេបង្អស់កន្លែងបន្ទោរបង់នៅកន្លែងណា?,
នៅជាន់លើគេបង្អស់កន្លែងបន្ទោរបង់នៅទីណា?,
នៅជាន់លើគេបង្អស់កន្លែងជុះនៅណា?,
នៅជាន់លើគេបង្អស់កន្លែងជុះនៅឯណា?,
នៅជាន់លើគេបង្អស់កន្លែងជុះនៅកន្លែងណា?,
នៅជាន់លើគេបង្អស់កន្លែងជុះនៅទីណា?,
នៅជាន់លើគេបង្អស់កន្លែងនោមនៅណា?,
នៅជាន់លើគេបង្អស់កន្លែងនោមនៅឯណា?,
នៅជាន់លើគេបង្អស់កន្លែងនោមនៅកន្លែងណា?,
នៅជាន់លើគេបង្អស់កន្លែងនោមនៅទីណា?,
នៅជាន់លើគេបង្អស់កន្លែងដោះទុកសត្វនៅណា?,
នៅជាន់លើគេបង្អស់កន្លែងដោះទុកសត្វនៅឯណា?,
នៅជាន់លើគេបង្អស់កន្លែងដោះទុកសត្វនៅកន្លែងណា?,
នៅជាន់លើគេបង្អស់កន្លែងដោះទុកសត្វនៅទីណា?,
នៅជាន់លើគេបង្អស់កន្លែងជុះនោមនៅណា?,
នៅជាន់លើគេបង្អស់កន្លែងជុះនោមនៅឯណា?,
នៅជាន់លើគេបង្អស់កន្លែងជុះនោមនៅកន្លែងណា?,
នៅជាន់លើគេបង្អស់កន្លែងជុះនោមនៅទីណា?,
Robotតើនៅអាគារនេះបន្ទប់ទឹកនៅណា?,
Robotតើនៅអាគារនេះបន្ទប់ទឹកនៅឯណា?,
Robotតើនៅអាគារនេះបន្ទប់ទឹកនៅកន្លែងណា?,
Robotតើនៅអាគារនេះបន្ទប់ទឹកនៅទីណា?,
Robotតើនៅអាគារនេះបង្គន់នៅណា?,
Robotតើនៅអាគារនេះបង្គន់នៅឯណា?,
Robotតើនៅអាគារនេះបង្គន់នៅកន្លែងណា?,
Robotតើនៅអាគារនេះបង្គន់នៅទីណា?,
Robotតើនៅអាគារនេះបង្គន់បត់ជើងនៅណា?,
Robotតើនៅអាគារនេះបង្គន់បត់ជើងនៅឯណា?,
Robotតើនៅអាគារនេះបង្គន់បត់ជើងនៅកន្លែងណា?,
Robotតើនៅអាគារនេះបង្គន់បត់ជើងនៅទីណា?,
Robotតើនៅអាគារនេះបង្គន់អណាម័យនៅណា?,
Robotតើនៅអាគារនេះបង្គន់អណាម័យនៅឯណា?,
Robotតើនៅអាគារនេះបង្គន់អណាម័យនៅកន្លែងណា?,
Robotតើនៅអាគារនេះបង្គន់អណាម័យនៅទីណា?,
Robotតើនៅអាគារនេះបង្គន់នោមនៅណា?,
Robotតើនៅអាគារនេះបង្គន់នោមនៅឯណា?,
Robotតើនៅអាគារនេះបង្គន់នោមនៅកន្លែងណា?,
Robotតើនៅអាគារនេះបង្គន់នោមនៅទីណា?,
Robotតើនៅអាគារនេះកន្លែងបត់ជើងនៅណា?,
Robotតើនៅអាគារនេះកន្លែងបត់ជើងនៅឯណា?,
Robotតើនៅអាគារនេះកន្លែងបត់ជើងនៅកន្លែងណា?,
Robotតើនៅអាគារនេះកន្លែងបត់ជើងនៅទីណា?,
Robotតើនៅអាគារនេះកន្លែងបន្ទោរបង់នៅណា?,
Robotតើនៅអាគារនេះកន្លែងបន្ទោរបង់នៅឯណា?,
Robotតើនៅអាគារនេះកន្លែងបន្ទោរបង់នៅកន្លែងណា?,
Robotតើនៅអាគារនេះកន្លែងបន្ទោរបង់នៅទីណា?,
Robotតើនៅអាគារនេះកន្លែងជុះនៅណា?,
Robotតើនៅអាគារនេះកន្លែងជុះនៅឯណា?,
Robotតើនៅអាគារនេះកន្លែងជុះនៅកន្លែងណា?,
Robotតើនៅអាគារនេះកន្លែងជុះនៅទីណា?,
Robotតើនៅអាគារនេះកន្លែងនោមនៅណា?,
Robotតើនៅអាគារនេះកន្លែងនោមនៅឯណា?,
Robotតើនៅអាគារនេះកន្លែងនោមនៅកន្លែងណា?,
Robotតើនៅអាគារនេះកន្លែងនោមនៅទីណា?,
Robotតើនៅអាគារនេះកន្លែងដោះទុកសត្វនៅណា?,
Robotតើនៅអាគារនេះកន្លែងដោះទុកសត្វនៅឯណា?,
Robotតើនៅអាគារនេះកន្លែងដោះទុកសត្វនៅកន្លែងណា?,
Robotតើនៅអាគារនេះកន្លែងដោះទុកសត្វនៅទីណា?,
Robotតើនៅអាគារនេះកន្លែងជុះនោមនៅណា?,
Robotតើនៅអាគារនេះកន្លែងជុះនោមនៅឯណា?,
Robotតើនៅអាគារនេះកន្លែងជុះនោមនៅកន្លែងណា?,
Robotតើនៅអាគារនេះកន្លែងជុះនោមនៅទីណា?,
RobotតើនៅអាគារIDTបន្ទប់ទឹកនៅណា?,
RobotតើនៅអាគារIDTបន្ទប់ទឹកនៅឯណា?,
RobotតើនៅអាគារIDTបន្ទប់ទឹកនៅកន្លែងណា?,
RobotតើនៅអាគារIDTបន្ទប់ទឹកនៅទីណា?,
RobotតើនៅអាគារIDTបង្គន់នៅណា?,
RobotតើនៅអាគារIDTបង្គន់នៅឯណា?,
RobotតើនៅអាគារIDTបង្គន់នៅកន្លែងណា?,
RobotតើនៅអាគារIDTបង្គន់នៅទីណា?,
RobotតើនៅអាគារIDTបង្គន់បត់ជើងនៅណា?,
RobotតើនៅអាគារIDTបង្គន់បត់ជើងនៅឯណា?,
RobotតើនៅអាគារIDTបង្គន់បត់ជើងនៅកន្លែងណា?,
RobotតើនៅអាគារIDTបង្គន់បត់ជើងនៅទីណា?,
RobotតើនៅអាគារIDTបង្គន់អណាម័យនៅណា?,
RobotតើនៅអាគារIDTបង្គន់អណាម័យនៅឯណា?,
RobotតើនៅអាគារIDTបង្គន់អណាម័យនៅកន្លែងណា?,
RobotតើនៅអាគារIDTបង្គន់អណាម័យនៅទីណា?,
RobotតើនៅអាគារIDTបង្គន់នោមនៅណា?,
RobotតើនៅអាគារIDTបង្គន់នោមនៅឯណា?,
RobotតើនៅអាគារIDTបង្គន់នោមនៅកន្លែងណា?,
RobotតើនៅអាគារIDTបង្គន់នោមនៅទីណា?,
RobotតើនៅអាគារIDTកន្លែងបត់ជើងនៅណា?,
RobotតើនៅអាគារIDTកន្លែងបត់ជើងនៅឯណា?,
RobotតើនៅអាគារIDTកន្លែងបត់ជើងនៅកន្លែងណា?,
RobotតើនៅអាគារIDTកន្លែងបត់ជើងនៅទីណា?,
RobotតើនៅអាគារIDTកន្លែងបន្ទោរបង់នៅណា?,
RobotតើនៅអាគារIDTកន្លែងបន្ទោរបង់នៅឯណា?,
RobotតើនៅអាគារIDTកន្លែងបន្ទោរបង់នៅកន្លែងណា?,
RobotតើនៅអាគារIDTកន្លែងបន្ទោរបង់នៅទីណា?,
RobotតើនៅអាគារIDTកន្លែងជុះនៅណា?,
RobotតើនៅអាគារIDTកន្លែងជុះនៅឯណា?,
RobotតើនៅអាគារIDTកន្លែងជុះនៅកន្លែងណា?,
RobotតើនៅអាគារIDTកន្លែងជុះនៅទីណា?,
RobotតើនៅអាគារIDTកន្លែងនោមនៅណា?,
RobotតើនៅអាគារIDTកន្លែងនោមនៅឯណា?,
RobotតើនៅអាគារIDTកន្លែងនោមនៅកន្លែងណា?,
RobotតើនៅអាគារIDTកន្លែងនោមនៅទីណា?,
RobotតើនៅអាគារIDTកន្លែងដោះទុកសត្វនៅណា?,
RobotតើនៅអាគារIDTកន្លែងដោះទុកសត្វនៅឯណា?,
RobotតើនៅអាគារIDTកន្លែងដោះទុកសត្វនៅកន្លែងណា?,
RobotតើនៅអាគារIDTកន្លែងដោះទុកសត្វនៅទីណា?,
RobotតើនៅអាគារIDTកន្លែងជុះនោមនៅណា?,
RobotតើនៅអាគារIDTកន្លែងជុះនោមនៅឯណា?,
RobotតើនៅអាគារIDTកន្លែងជុះនោមនៅកន្លែងណា?,
RobotតើនៅអាគារIDTកន្លែងជុះនោមនៅទីណា?,
RobotតើនៅអាគារInnovation Centreបន្ទប់ទឹកនៅណា?,
RobotតើនៅអាគារInnovation Centreបន្ទប់ទឹកនៅឯណា?,
RobotតើនៅអាគារInnovation Centreបន្ទប់ទឹកនៅកន្លែងណា?,
RobotតើនៅអាគារInnovation Centreបន្ទប់ទឹកនៅទីណា?,
RobotតើនៅអាគារInnovation Centreបង្គន់នៅណា?,
RobotតើនៅអាគារInnovation Centreបង្គន់នៅឯណា?,
RobotតើនៅអាគារInnovation Centreបង្គន់នៅកន្លែងណា?,
RobotតើនៅអាគារInnovation Centreបង្គន់នៅទីណា?,
RobotតើនៅអាគារInnovation Centreបង្គន់បត់ជើងនៅណា?,
RobotតើនៅអាគារInnovation Centreបង្គន់បត់ជើងនៅឯណា?,
RobotតើនៅអាគារInnovation Centreបង្គន់បត់ជើងនៅកន្លែងណា?,
RobotតើនៅអាគារInnovation Centreបង្គន់បត់ជើងនៅទីណា?,
RobotតើនៅអាគារInnovation Centreបង្គន់អណាម័យនៅណា?,
RobotតើនៅអាគារInnovation Centreបង្គន់អណាម័យនៅឯណា?,
RobotតើនៅអាគារInnovation Centreបង្គន់អណាម័យនៅកន្លែងណា?,
RobotតើនៅអាគារInnovation Centreបង្គន់អណាម័យនៅទីណា?,
RobotតើនៅអាគារInnovation Centreបង្គន់នោមនៅណា?,
RobotតើនៅអាគារInnovation Centreបង្គន់នោមនៅឯណា?,
RobotតើនៅអាគារInnovation Centreបង្គន់នោមនៅកន្លែងណា?,
RobotតើនៅអាគារInnovation Centreបង្គន់នោមនៅទីណា?,
RobotតើនៅអាគារInnovation Centreកន្លែងបត់ជើងនៅណា?,
RobotតើនៅអាគារInnovation Centreកន្លែងបត់ជើងនៅឯណា?,
RobotតើនៅអាគារInnovation Centreកន្លែងបត់ជើងនៅកន្លែងណា?,
RobotតើនៅអាគារInnovation Centreកន្លែងបត់ជើងនៅទីណា?,
RobotតើនៅអាគារInnovation Centreកន្លែងបន្ទោរបង់នៅណា?,
RobotតើនៅអាគារInnovation Centreកន្លែងបន្ទោរបង់នៅឯណា?,
RobotតើនៅអាគារInnovation Centreកន្លែងបន្ទោរបង់នៅកន្លែងណា?,
RobotតើនៅអាគារInnovation Centreកន្លែងបន្ទោរបង់នៅទីណា?,
RobotតើនៅអាគារInnovation Centreកន្លែងជុះនៅណា?,
RobotតើនៅអាគារInnovation Centreកន្លែងជុះនៅឯណា?,
RobotតើនៅអាគារInnovation Centreកន្លែងជុះនៅកន្លែងណា?,
RobotតើនៅអាគារInnovation Centreកន្លែងជុះនៅទីណា?,
RobotតើនៅអាគារInnovation Centreកន្លែងនោមនៅណា?,
RobotតើនៅអាគារInnovation Centreកន្លែងនោមនៅឯណា?,
RobotតើនៅអាគារInnovation Centreកន្លែងនោមនៅកន្លែងណា?,
RobotតើនៅអាគារInnovation Centreកន្លែងនោមនៅទីណា?,
RobotតើនៅអាគារInnovation Centreកន្លែងដោះទុកសត្វនៅណា?,
RobotតើនៅអាគារInnovation Centreកន្លែងដោះទុកសត្វនៅឯណា?,
RobotតើនៅអាគារInnovation Centreកន្លែងដោះទុកសត្វនៅកន្លែងណា?,
RobotតើនៅអាគារInnovation Centreកន្លែងដោះទុកសត្វនៅទីណា?,
RobotតើនៅអាគារInnovation Centreកន្លែងជុះនោមនៅណា?,
RobotតើនៅអាគារInnovation Centreកន្លែងជុះនោមនៅឯណា?,
RobotតើនៅអាគារInnovation Centreកន្លែងជុះនោមនៅកន្លែងណា?,
RobotតើនៅអាគារInnovation Centreកន្លែងជុះនោមនៅទីណា?,
រ៉ូបូតតើនៅអាគារនេះបន្ទប់ទឹកនៅណា?,
រ៉ូបូតតើនៅអាគារនេះបន្ទប់ទឹកនៅឯណា?,
រ៉ូបូតតើនៅអាគារនេះបន្ទប់ទឹកនៅកន្លែងណា?,
រ៉ូបូតតើនៅអាគារនេះបន្ទប់ទឹកនៅទីណា?,
រ៉ូបូតតើនៅអាគារនេះបង្គន់នៅណា?,
រ៉ូបូតតើនៅអាគារនេះបង្គន់នៅឯណា?,
រ៉ូបូតតើនៅអាគារនេះបង្គន់នៅកន្លែងណា?,
រ៉ូបូតតើនៅអាគារនេះបង្គន់នៅទីណា?,
រ៉ូបូតតើនៅអាគារនេះបង្គន់បត់ជើងនៅណា?,
រ៉ូបូតតើនៅអាគារនេះបង្គន់បត់ជើងនៅឯណា?,
រ៉ូបូតតើនៅអាគារនេះបង្គន់បត់ជើងនៅកន្លែងណា?,
រ៉ូបូតតើនៅអាគារនេះបង្គន់បត់ជើងនៅទីណា?,
រ៉ូបូតតើនៅអាគារនេះបង្គន់អណាម័យនៅណា?,
រ៉ូបូតតើនៅអាគារនេះបង្គន់អណាម័យនៅឯណា?,
រ៉ូបូតតើនៅអាគារនេះបង្គន់អណាម័យនៅកន្លែងណា?,
រ៉ូបូតតើនៅអាគារនេះបង្គន់អណាម័យនៅទីណា?,
រ៉ូបូតតើនៅអាគារនេះបង្គន់នោមនៅណា?,
រ៉ូបូតតើនៅអាគារនេះបង្គន់នោមនៅឯណា?,
រ៉ូបូតតើនៅអាគារនេះបង្គន់នោមនៅកន្លែងណា?,
រ៉ូបូតតើនៅអាគារនេះបង្គន់នោមនៅទីណា?,
រ៉ូបូតតើនៅអាគារនេះកន្លែងបត់ជើងនៅណា?,
រ៉ូបូតតើនៅអាគារនេះកន្លែងបត់ជើងនៅឯណា?,
រ៉ូបូតតើនៅអាគារនេះកន្លែងបត់ជើងនៅកន្លែងណា?,
រ៉ូបូតតើនៅអាគារនេះកន្លែងបត់ជើងនៅទីណា?,
រ៉ូបូតតើនៅអាគារនេះកន្លែងបន្ទោរបង់នៅណា?,
រ៉ូបូតតើនៅអាគារនេះកន្លែងបន្ទោរបង់នៅឯណា?,
រ៉ូបូតតើនៅអាគារនេះកន្លែងបន្ទោរបង់នៅកន្លែងណា?,
រ៉ូបូតតើនៅអាគារនេះកន្លែងបន្ទោរបង់នៅទីណា?,
រ៉ូបូតតើនៅអាគារនេះកន្លែងជុះនៅណា?,
រ៉ូបូតតើនៅអាគារនេះកន្លែងជុះនៅឯណា?,
រ៉ូបូតតើនៅអាគារនេះកន្លែងជុះនៅកន្លែងណា?,
រ៉ូបូតតើនៅអាគារនេះកន្លែងជុះនៅទីណា?,
រ៉ូបូតតើនៅអាគារនេះកន្លែងនោមនៅណា?,
រ៉ូបូតតើនៅអាគារនេះកន្លែងនោមនៅឯណា?,
រ៉ូបូតតើនៅអាគារនេះកន្លែងនោមនៅកន្លែងណា?,
រ៉ូបូតតើនៅអាគារនេះកន្លែងនោមនៅទីណា?,
រ៉ូបូតតើនៅអាគារនេះកន្លែងដោះទុកសត្វនៅណា?,
រ៉ូបូតតើនៅអាគារនេះកន្លែងដោះទុកសត្វនៅឯណា?,
រ៉ូបូតតើនៅអាគារនេះកន្លែងដោះទុកសត្វនៅកន្លែងណា?,
រ៉ូបូតតើនៅអាគារនេះកន្លែងដោះទុកសត្វនៅទីណា?,
រ៉ូបូតតើនៅអាគារនេះកន្លែងជុះនោមនៅណា?,
រ៉ូបូតតើនៅអាគារនេះកន្លែងជុះនោមនៅឯណា?,
រ៉ូបូតតើនៅអាគារនេះកន្លែងជុះនោមនៅកន្លែងណា?,
រ៉ូបូតតើនៅអាគារនេះកន្លែងជុះនោមនៅទីណា?,
រ៉ូបូតតើនៅអាគារIDTបន្ទប់ទឹកនៅណា?,
រ៉ូបូតតើនៅអាគារIDTបន្ទប់ទឹកនៅឯណា?,
រ៉ូបូតតើនៅអាគារIDTបន្ទប់ទឹកនៅកន្លែងណា?,
រ៉ូបូតតើនៅអាគារIDTបន្ទប់ទឹកនៅទីណា?,
រ៉ូបូតតើនៅអាគារIDTបង្គន់នៅណា?,
រ៉ូបូតតើនៅអាគារIDTបង្គន់នៅឯណា?,
រ៉ូបូតតើនៅអាគារIDTបង្គន់នៅកន្លែងណា?,
រ៉ូបូតតើនៅអាគារIDTបង្គន់នៅទីណា?,
រ៉ូបូតតើនៅអាគារIDTបង្គន់បត់ជើងនៅណា?,
រ៉ូបូតតើនៅអាគារIDTបង្គន់បត់ជើងនៅឯណា?,
រ៉ូបូតតើនៅអាគារIDTបង្គន់បត់ជើងនៅកន្លែងណា?,
រ៉ូបូតតើនៅអាគារIDTបង្គន់បត់ជើងនៅទីណា?,
រ៉ូបូតតើនៅអាគារIDTបង្គន់អណាម័យនៅណា?,
រ៉ូបូតតើនៅអាគារIDTបង្គន់អណាម័យនៅឯណា?,
រ៉ូបូតតើនៅអាគារIDTបង្គន់អណាម័យនៅកន្លែងណា?,
រ៉ូបូតតើនៅអាគារIDTបង្គន់អណាម័យនៅទីណា?,
រ៉ូបូតតើនៅអាគារIDTបង្គន់នោមនៅណា?,
រ៉ូបូតតើនៅអាគារIDTបង្គន់នោមនៅឯណា?,
រ៉ូបូតតើនៅអាគារIDTបង្គន់នោមនៅកន្លែងណា?,
រ៉ូបូតតើនៅអាគារIDTបង្គន់នោមនៅទីណា?,
រ៉ូបូតតើនៅអាគារIDTកន្លែងបត់ជើងនៅណា?,
រ៉ូបូតតើនៅអាគារIDTកន្លែងបត់ជើងនៅឯណា?,
រ៉ូបូតតើនៅអាគារIDTកន្លែងបត់ជើងនៅកន្លែងណា?,
រ៉ូបូតតើនៅអាគារIDTកន្លែងបត់ជើងនៅទីណា?,
រ៉ូបូតតើនៅអាគារIDTកន្លែងបន្ទោរបង់នៅណា?,
រ៉ូបូតតើនៅអាគារIDTកន្លែងបន្ទោរបង់នៅឯណា?,
រ៉ូបូតតើនៅអាគារIDTកន្លែងបន្ទោរបង់នៅកន្លែងណា?,
រ៉ូបូតតើនៅអាគារIDTកន្លែងបន្ទោរបង់នៅទីណា?,
រ៉ូបូតតើនៅអាគារIDTកន្លែងជុះនៅណា?,
រ៉ូបូតតើនៅអាគារIDTកន្លែងជុះនៅឯណា?,
រ៉ូបូតតើនៅអាគារIDTកន្លែងជុះនៅកន្លែងណា?,
រ៉ូបូតតើនៅអាគារIDTកន្លែងជុះនៅទីណា?,
រ៉ូបូតតើនៅអាគារIDTកន្លែងនោមនៅណា?,
រ៉ូបូតតើនៅអាគារIDTកន្លែងនោមនៅឯណា?,
រ៉ូបូតតើនៅអាគារIDTកន្លែងនោមនៅកន្លែងណា?,
រ៉ូបូតតើនៅអាគារIDTកន្លែងនោមនៅទីណា?,
រ៉ូបូតតើនៅអាគារIDTកន្លែងដោះទុកសត្វនៅណា?,
រ៉ូបូតតើនៅអាគារIDTកន្លែងដោះទុកសត្វនៅឯណា?,
រ៉ូបូតតើនៅអាគារIDTកន្លែងដោះទុកសត្វនៅកន្លែងណា?,
រ៉ូបូតតើនៅអាគារIDTកន្លែងដោះទុកសត្វនៅទីណា?,
រ៉ូបូតតើនៅអាគារIDTកន្លែងជុះនោមនៅណា?,
រ៉ូបូតតើនៅអាគារIDTកន្លែងជុះនោមនៅឯណា?,
រ៉ូបូតតើនៅអាគារIDTកន្លែងជុះនោមនៅកន្លែងណា?,
រ៉ូបូតតើនៅអាគារIDTកន្លែងជុះនោមនៅទីណា?,
រ៉ូបូតតើនៅអាគារInnovation Centreបន្ទប់ទឹកនៅណា?,
រ៉ូបូតតើនៅអាគារInnovation Centreបន្ទប់ទឹកនៅឯណា?,
រ៉ូបូតតើនៅអាគារInnovation Centreបន្ទប់ទឹកនៅកន្លែងណា?,
រ៉ូបូតតើនៅអាគារInnovation Centreបន្ទប់ទឹកនៅទីណា?,
រ៉ូបូតតើនៅអាគារInnovation Centreបង្គន់នៅណា?,
រ៉ូបូតតើនៅអាគារInnovation Centreបង្គន់នៅឯណា?,
រ៉ូបូតតើនៅអាគារInnovation Centreបង្គន់នៅកន្លែងណា?,
រ៉ូបូតតើនៅអាគារInnovation Centreបង្គន់នៅទីណា?,
រ៉ូបូតតើនៅអាគារInnovation Centreបង្គន់បត់ជើងនៅណា?,
រ៉ូបូតតើនៅអាគារInnovation Centreបង្គន់បត់ជើងនៅឯណា?,
រ៉ូបូតតើនៅអាគារInnovation Centreបង្គន់បត់ជើងនៅកន្លែងណា?,
រ៉ូបូតតើនៅអាគារInnovation Centreបង្គន់បត់ជើងនៅទីណា?,
រ៉ូបូតតើនៅអាគារInnovation Centreបង្គន់អណាម័យនៅណា?,
រ៉ូបូតតើនៅអាគារInnovation Centreបង្គន់អណាម័យនៅឯណា?,
រ៉ូបូតតើនៅអាគារInnovation Centreបង្គន់អណាម័យនៅកន្លែងណា?,
រ៉ូបូតតើនៅអាគារInnovation Centreបង្គន់អណាម័យនៅទីណា?,
រ៉ូបូតតើនៅអាគារInnovation Centreបង្គន់នោមនៅណា?,
រ៉ូបូតតើនៅអាគារInnovation Centreបង្គន់នោមនៅឯណា?,
រ៉ូបូតតើនៅអាគារInnovation Centreបង្គន់នោមនៅកន្លែងណា?,
រ៉ូបូតតើនៅអាគារInnovation Centreបង្គន់នោមនៅទីណា?,
រ៉ូបូតតើនៅអាគារInnovation Centreកន្លែងបត់ជើងនៅណា?,
រ៉ូបូតតើនៅអាគារInnovation Centreកន្លែងបត់ជើងនៅឯណា?,
រ៉ូបូតតើនៅអាគារInnovation Centreកន្លែងបត់ជើងនៅកន្លែងណា?,
រ៉ូបូតតើនៅអាគារInnovation Centreកន្លែងបត់ជើងនៅទីណា?,
រ៉ូបូតតើនៅអាគារInnovation Centreកន្លែងបន្ទោរបង់នៅណា?,
រ៉ូបូតតើនៅអាគារInnovation Centreកន្លែងបន្ទោរបង់នៅឯណា?,
រ៉ូបូតតើនៅអាគារInnovation Centreកន្លែងបន្ទោរបង់នៅកន្លែងណា?,
រ៉ូបូតតើនៅអាគារInnovation Centreកន្លែងបន្ទោរបង់នៅទីណា?,
រ៉ូបូតតើនៅអាគារInnovation Centreកន្លែងជុះនៅណា?,
រ៉ូបូតតើនៅអាគារInnovation Centreកន្លែងជុះនៅឯណា?,
រ៉ូបូតតើនៅអាគារInnovation Centreកន្លែងជុះនៅកន្លែងណា?,
រ៉ូបូតតើនៅអាគារInnovation Centreកន្លែងជុះនៅទីណា?,
រ៉ូបូតតើនៅអាគារInnovation Centreកន្លែងនោមនៅណា?,
រ៉ូបូតតើនៅអាគារInnovation Centreកន្លែងនោមនៅឯណា?,
រ៉ូបូតតើនៅអាគារInnovation Centreកន្លែងនោមនៅកន្លែងណា?,
រ៉ូបូតតើនៅអាគារInnovation Centreកន្លែងនោមនៅទីណា?,
រ៉ូបូតតើនៅអាគារInnovation Centreកន្លែងដោះទុកសត្វនៅណា?,
រ៉ូបូតតើនៅអាគារInnovation Centreកន្លែងដោះទុកសត្វនៅឯណា?,
រ៉ូបូតតើនៅអាគារInnovation Centreកន្លែងដោះទុកសត្វនៅកន្លែងណា?,
រ៉ូបូតតើនៅអាគារInnovation Centreកន្លែងដោះទុកសត្វនៅទីណា?,
រ៉ូបូតតើនៅអាគារInnovation Centreកន្លែងជុះនោមនៅណា?,
រ៉ូបូតតើនៅអាគារInnovation Centreកន្លែងជុះនោមនៅឯណា?,
រ៉ូបូតតើនៅអាគារInnovation Centreកន្លែងជុះនោមនៅកន្លែងណា?,
រ៉ូបូតតើនៅអាគារInnovation Centreកន្លែងជុះនោមនៅទីណា?,
មនុស្សយន្តតើនៅអាគារនេះបន្ទប់ទឹកនៅណា?,
មនុស្សយន្តតើនៅអាគារនេះបន្ទប់ទឹកនៅឯណា?,
មនុស្សយន្តតើនៅអាគារនេះបន្ទប់ទឹកនៅកន្លែងណា?,
មនុស្សយន្តតើនៅអាគារនេះបន្ទប់ទឹកនៅទីណា?,
មនុស្សយន្តតើនៅអាគារនេះបង្គន់នៅណា?,
មនុស្សយន្តតើនៅអាគារនេះបង្គន់នៅឯណា?,
មនុស្សយន្តតើនៅអាគារនេះបង្គន់នៅកន្លែងណា?,
មនុស្សយន្តតើនៅអាគារនេះបង្គន់នៅទីណា?,
មនុស្សយន្តតើនៅអាគារនេះបង្គន់បត់ជើងនៅណា?,
មនុស្សយន្តតើនៅអាគារនេះបង្គន់បត់ជើងនៅឯណា?,
មនុស្សយន្តតើនៅអាគារនេះបង្គន់បត់ជើងនៅកន្លែងណា?,
មនុស្សយន្តតើនៅអាគារនេះបង្គន់បត់ជើងនៅទីណា?,
មនុស្សយន្តតើនៅអាគារនេះបង្គន់អណាម័យនៅណា?,
មនុស្សយន្តតើនៅអាគារនេះបង្គន់អណាម័យនៅឯណា?,
មនុស្សយន្តតើនៅអាគារនេះបង្គន់អណាម័យនៅកន្លែងណា?,
មនុស្សយន្តតើនៅអាគារនេះបង្គន់អណាម័យនៅទីណា?,
មនុស្សយន្តតើនៅអាគារនេះបង្គន់នោមនៅណា?,
មនុស្សយន្តតើនៅអាគារនេះបង្គន់នោមនៅឯណា?,
មនុស្សយន្តតើនៅអាគារនេះបង្គន់នោមនៅកន្លែងណា?,
មនុស្សយន្តតើនៅអាគារនេះបង្គន់នោមនៅទីណា?,
មនុស្សយន្តតើនៅអាគារនេះកន្លែងបត់ជើងនៅណា?,
មនុស្សយន្តតើនៅអាគារនេះកន្លែងបត់ជើងនៅឯណា?,
មនុស្សយន្តតើនៅអាគារនេះកន្លែងបត់ជើងនៅកន្លែងណា?,
មនុស្សយន្តតើនៅអាគារនេះកន្លែងបត់ជើងនៅទីណា?,
មនុស្សយន្តតើនៅអាគារនេះកន្លែងបន្ទោរបង់នៅណា?,
មនុស្សយន្តតើនៅអាគារនេះកន្លែងបន្ទោរបង់នៅឯណា?,
មនុស្សយន្តតើនៅអាគារនេះកន្លែងបន្ទោរបង់នៅកន្លែងណា?,
មនុស្សយន្តតើនៅអាគារនេះកន្លែងបន្ទោរបង់នៅទីណា?,
មនុស្សយន្តតើនៅអាគារនេះកន្លែងជុះនៅណា?,
មនុស្សយន្តតើនៅអាគារនេះកន្លែងជុះនៅឯណា?,
មនុស្សយន្តតើនៅអាគារនេះកន្លែងជុះនៅកន្លែងណា?,
មនុស្សយន្តតើនៅអាគារនេះកន្លែងជុះនៅទីណា?,
មនុស្សយន្តតើនៅអាគារនេះកន្លែងនោមនៅណា?,
មនុស្សយន្តតើនៅអាគារនេះកន្លែងនោមនៅឯណា?,
មនុស្សយន្តតើនៅអាគារនេះកន្លែងនោមនៅកន្លែងណា?,
មនុស្សយន្តតើនៅអាគារនេះកន្លែងនោមនៅទីណា?,
មនុស្សយន្តតើនៅអាគារនេះកន្លែងដោះទុកសត្វនៅណា?,
មនុស្សយន្តតើនៅអាគារនេះកន្លែងដោះទុកសត្វនៅឯណា?,
មនុស្សយន្តតើនៅអាគារនេះកន្លែងដោះទុកសត្វនៅកន្លែងណា?,
មនុស្សយន្តតើនៅអាគារនេះកន្លែងដោះទុកសត្វនៅទីណា?,
មនុស្សយន្តតើនៅអាគារនេះកន្លែងជុះនោមនៅណា?,
មនុស្សយន្តតើនៅអាគារនេះកន្លែងជុះនោមនៅឯណា?,
មនុស្សយន្តតើនៅអាគារនេះកន្លែងជុះនោមនៅកន្លែងណា?,
មនុស្សយន្តតើនៅអាគារនេះកន្លែងជុះនោមនៅទីណា?,
មនុស្សយន្តតើនៅអាគារIDTបន្ទប់ទឹកនៅណា?,
មនុស្សយន្តតើនៅអាគារIDTបន្ទប់ទឹកនៅឯណា?,
មនុស្សយន្តតើនៅអាគារIDTបន្ទប់ទឹកនៅកន្លែងណា?,
មនុស្សយន្តតើនៅអាគារIDTបន្ទប់ទឹកនៅទីណា?,
មនុស្សយន្តតើនៅអាគារIDTបង្គន់នៅណា?,
មនុស្សយន្តតើនៅអាគារIDTបង្គន់នៅឯណា?,
មនុស្សយន្តតើនៅអាគារIDTបង្គន់នៅកន្លែងណា?,
មនុស្សយន្តតើនៅអាគារIDTបង្គន់នៅទីណា?,
មនុស្សយន្តតើនៅអាគារIDTបង្គន់បត់ជើងនៅណា?,
មនុស្សយន្តតើនៅអាគារIDTបង្គន់បត់ជើងនៅឯណា?,
មនុស្សយន្តតើនៅអាគារIDTបង្គន់បត់ជើងនៅកន្លែងណា?,
មនុស្សយន្តតើនៅអាគារIDTបង្គន់បត់ជើងនៅទីណា?,
មនុស្សយន្តតើនៅអាគារIDTបង្គន់អណាម័យនៅណា?,
មនុស្សយន្តតើនៅអាគារIDTបង្គន់អណាម័យនៅឯណា?,
មនុស្សយន្តតើនៅអាគារIDTបង្គន់អណាម័យនៅកន្លែងណា?,
មនុស្សយន្តតើនៅអាគារIDTបង្គន់អណាម័យនៅទីណា?,
មនុស្សយន្តតើនៅអាគារIDTបង្គន់នោមនៅណា?,
មនុស្សយន្តតើនៅអាគារIDTបង្គន់នោមនៅឯណា?,
មនុស្សយន្តតើនៅអាគារIDTបង្គន់នោមនៅកន្លែងណា?,
មនុស្សយន្តតើនៅអាគារIDTបង្គន់នោមនៅទីណា?,
មនុស្សយន្តតើនៅអាគារIDTកន្លែងបត់ជើងនៅណា?,
មនុស្សយន្តតើនៅអាគារIDTកន្លែងបត់ជើងនៅឯណា?,
មនុស្សយន្តតើនៅអាគារIDTកន្លែងបត់ជើងនៅកន្លែងណា?,
មនុស្សយន្តតើនៅអាគារIDTកន្លែងបត់ជើងនៅទីណា?,
មនុស្សយន្តតើនៅអាគារIDTកន្លែងបន្ទោរបង់នៅណា?,
មនុស្សយន្តតើនៅអាគារIDTកន្លែងបន្ទោរបង់នៅឯណា?,
មនុស្សយន្តតើនៅអាគារIDTកន្លែងបន្ទោរបង់នៅកន្លែងណា?,
មនុស្សយន្តតើនៅអាគារIDTកន្លែងបន្ទោរបង់នៅទីណា?,
មនុស្សយន្តតើនៅអាគារIDTកន្លែងជុះនៅណា?,
មនុស្សយន្តតើនៅអាគារIDTកន្លែងជុះនៅឯណា?,
មនុស្សយន្តតើនៅអាគារIDTកន្លែងជុះនៅកន្លែងណា?,
មនុស្សយន្តតើនៅអាគារIDTកន្លែងជុះនៅទីណា?,
មនុស្សយន្តតើនៅអាគារIDTកន្លែងនោមនៅណា?,
មនុស្សយន្តតើនៅអាគារIDTកន្លែងនោមនៅឯណា?,
មនុស្សយន្តតើនៅអាគារIDTកន្លែងនោមនៅកន្លែងណា?,
មនុស្សយន្តតើនៅអាគារIDTកន្លែងនោមនៅទីណា?,
មនុស្សយន្តតើនៅអាគារIDTកន្លែងដោះទុកសត្វនៅណា?,
មនុស្សយន្តតើនៅអាគារIDTកន្លែងដោះទុកសត្វនៅឯណា?,
មនុស្សយន្តតើនៅអាគារIDTកន្លែងដោះទុកសត្វនៅកន្លែងណា?,
មនុស្សយន្តតើនៅអាគារIDTកន្លែងដោះទុកសត្វនៅទីណា?,
មនុស្សយន្តតើនៅអាគារIDTកន្លែងជុះនោមនៅណា?,
មនុស្សយន្តតើនៅអាគារIDTកន្លែងជុះនោមនៅឯណា?,
មនុស្សយន្តតើនៅអាគារIDTកន្លែងជុះនោមនៅកន្លែងណា?,
មនុស្សយន្តតើនៅអាគារIDTកន្លែងជុះនោមនៅទីណា?,
មនុស្សយន្តតើនៅអាគារInnovation Centreបន្ទប់ទឹកនៅណា?,
មនុស្សយន្តតើនៅអាគារInnovation Centreបន្ទប់ទឹកនៅឯណា?,
មនុស្សយន្តតើនៅអាគារInnovation Centreបន្ទប់ទឹកនៅកន្លែងណា?,
មនុស្សយន្តតើនៅអាគារInnovation Centreបន្ទប់ទឹកនៅទីណា?,
មនុស្សយន្តតើនៅអាគារInnovation Centreបង្គន់នៅណា?,
មនុស្សយន្តតើនៅអាគារInnovation Centreបង្គន់នៅឯណា?,
មនុស្សយន្តតើនៅអាគារInnovation Centreបង្គន់នៅកន្លែងណា?,
មនុស្សយន្តតើនៅអាគារInnovation Centreបង្គន់នៅទីណា?,
មនុស្សយន្តតើនៅអាគារInnovation Centreបង្គន់បត់ជើងនៅណា?,
មនុស្សយន្តតើនៅអាគារInnovation Centreបង្គន់បត់ជើងនៅឯណា?,
មនុស្សយន្តតើនៅអាគារInnovation Centreបង្គន់បត់ជើងនៅកន្លែងណា?,
មនុស្សយន្តតើនៅអាគារInnovation Centreបង្គន់បត់ជើងនៅទីណា?,
មនុស្សយន្តតើនៅអាគារInnovation Centreបង្គន់អណាម័យនៅណា?,
មនុស្សយន្តតើនៅអាគារInnovation Centreបង្គន់អណាម័យនៅឯណា?,
មនុស្សយន្តតើនៅអាគារInnovation Centreបង្គន់អណាម័យនៅកន្លែងណា?,
មនុស្សយន្តតើនៅអាគារInnovation Centreបង្គន់អណាម័យនៅទីណា?,
មនុស្សយន្តតើនៅអាគារInnovation Centreបង្គន់នោមនៅណា?,
មនុស្សយន្តតើនៅអាគារInnovation Centreបង្គន់នោមនៅឯណា?,
មនុស្សយន្តតើនៅអាគារInnovation Centreបង្គន់នោមនៅកន្លែងណា?,
មនុស្សយន្តតើនៅអាគារInnovation Centreបង្គន់នោមនៅទីណា?,
មនុស្សយន្តតើនៅអាគារInnovation Centreកន្លែងបត់ជើងនៅណា?,
មនុស្សយន្តតើនៅអាគារInnovation Centreកន្លែងបត់ជើងនៅឯណា?,
មនុស្សយន្តតើនៅអាគារInnovation Centreកន្លែងបត់ជើងនៅកន្លែងណា?,
មនុស្សយន្តតើនៅអាគារInnovation Centreកន្លែងបត់ជើងនៅទីណា?,
មនុស្សយន្តតើនៅអាគារInnovation Centreកន្លែងបន្ទោរបង់នៅណា?,
មនុស្សយន្តតើនៅអាគារInnovation Centreកន្លែងបន្ទោរបង់នៅឯណា?,
មនុស្សយន្តតើនៅអាគារInnovation Centreកន្លែងបន្ទោរបង់នៅកន្លែងណា?,
មនុស្សយន្តតើនៅអាគារInnovation Centreកន្លែងបន្ទោរបង់នៅទីណា?,
មនុស្សយន្តតើនៅអាគារInnovation Centreកន្លែងជុះនៅណា?,
មនុស្សយន្តតើនៅអាគារInnovation Centreកន្លែងជុះនៅឯណា?,
មនុស្សយន្តតើនៅអាគារInnovation Centreកន្លែងជុះនៅកន្លែងណា?,
មនុស្សយន្តតើនៅអាគារInnovation Centreកន្លែងជុះនៅទីណា?,
មនុស្សយន្តតើនៅអាគារInnovation Centreកន្លែងនោមនៅណា?,
មនុស្សយន្តតើនៅអាគារInnovation Centreកន្លែងនោមនៅឯណា?,
មនុស្សយន្តតើនៅអាគារInnovation Centreកន្លែងនោមនៅកន្លែងណា?,
មនុស្សយន្តតើនៅអាគារInnovation Centreកន្លែងនោមនៅទីណា?,
មនុស្សយន្តតើនៅអាគារInnovation Centreកន្លែងដោះទុកសត្វនៅណា?,
មនុស្សយន្តតើនៅអាគារInnovation Centreកន្លែងដោះទុកសត្វនៅឯណា?,
មនុស្សយន្តតើនៅអាគារInnovation Centreកន្លែងដោះទុកសត្វនៅកន្លែងណា?,
មនុស្សយន្តតើនៅអាគារInnovation Centreកន្លែងដោះទុកសត្វនៅទីណា?,
មនុស្សយន្តតើនៅអាគារInnovation Centreកន្លែងជុះនោមនៅណា?,
មនុស្សយន្តតើនៅអាគារInnovation Centreកន្លែងជុះនោមនៅឯណា?,
មនុស្សយន្តតើនៅអាគារInnovation Centreកន្លែងជុះនោមនៅកន្លែងណា?,
មនុស្សយន្តតើនៅអាគារInnovation Centreកន្លែងជុះនោមនៅទីណា?,
