question , intent
តើ មាន បន្ទប់ ធ្វើ ការ ទី នេះ ទេ ? , Ask About Available Working Space
តើ មាន បន្ទប់ ធ្វើ ការ ទេ ? , Ask About Available Working Space
តើ មាន បន្ទប់ ធ្វើ ការ ដែរ ទេ ? , Ask About Available Working Space
តើ មាន បន្ទប់ ធ្វើ ការ ឬ ទេ ? , Ask About Available Working Space
តើ មាន កន្លែង ធ្វើ ការ ទី នេះ ទេ ? , Ask About Available Working Space
តើ មាន កន្លែង ធ្វើ ការ ទេ ? , Ask About Available Working Space
តើ មាន កន្លែង ធ្វើ ការ ដែរ ទេ ? , Ask About Available Working Space
តើ មាន កន្លែង ធ្វើ ការ ឬ ទេ ? , Ask About Available Working Space
តើ មាន ការិយាល័យ ទី នេះ ទេ ? , Ask About Available Working Space
តើ មាន ការិយាល័យ ទេ ? , Ask About Available Working Space
តើ មាន ការិយាល័យ ដែរ ទេ ? , Ask About Available Working Space
តើ មាន ការិយាល័យ ឬ ទេ ? , Ask About Available Working Space
តើ មាន office ទី នេះ ទេ ? , Ask About Available Working Space
តើ មាន office ទេ ? , Ask About Available Working Space
តើ មាន office ដែរ ទេ ? , Ask About Available Working Space
តើ មាន office ឬ ទេ ? , Ask About Available Working Space
តើមាន working -space ទី នេះ ទេ ? , Ask About Available Working Space
តើមាន working - space ទេ ? , Ask About Available Working Space
តើមាន working -space ដែរ ទេ ? , Ask About Available Working Space
តើ មាន working -space ឬ ទេ ? , Ask About Available Working Space
តើ នៅ សល់ បន្ទប់ ធ្វើ ការ នៅ ទី នេះ ទេ ? , Ask About Available Working Space
តើ នៅ សល់ បន្ទប់ ធ្វើ ការ ទេ ? , Ask About Available Working Space
តើ នៅ សល់ បន្ទប់ ធ្វើ ការ ដែរ ទេ ? , Ask About Available Working Space
តើ នៅ សល់ បន្ទប់ ធ្វើ ការ ឬ ទេ ? , Ask About Available Working Space
តើ នៅ សល់ កន្លែង ធ្វើ ការ នៅ ទី នេះ ទេ ? , Ask About Available Working Space
តើ នៅ សល់ កន្លែង ធ្វើ ការ ទេ ? , Ask About Available Working Space
តើ នៅ សល់ កន្លែង ធ្វើ ការ ដែរ ទេ ? , Ask About Available Working Space
តើ នៅ សល់ កន្លែង ធ្វើ ការ ឬ ទេ ? , Ask About Available Working Space
តើ នៅ សល់ ការិយាល័យ នៅ ទី នេះ ទេ ? , Ask About Available Working Space
តើ នៅ សល់ ការិយាល័យ ទេ ? , Ask About Available Working Space
តើ នៅ សល់ ការិយាល័យ ដែរ ទេ ? , Ask About Available Working Space
តើ នៅ សល់ ការិយាល័យ ឬ ទេ ? , Ask About Available Working Space
តើ នៅ សល់ office នៅ ទី នេះ ទេ ? , Ask About Available Working Space
តើ នៅ សល់ office ទេ ? , Ask About Available Working Space
តើ នៅ សល់ office ដែរ ទេ ? , Ask About Available Working Space
តើ នៅ សល់ office ឬ ទេ ? , Ask About Available Working Space
តើ នៅ សល់ working -space នៅ ទី នេះ ទេ ? , Ask About Available Working Space
តើ នៅ សល់ working - space ទេ ? , Ask About Available Working Space
តើ នៅ សល់ working -space ដែរ ទេ ? , Ask About Available Working Space
តើ នៅ សល់ working -space ឬ ទេ ? , Ask About Available Working Space
តើ នៅ សល់ បន្ទប់ ធ្វើ ការ នៅ ទី នេះ ទេ ? , Ask About Available Working Space
តើ នៅ សល់ បន្ទប់ ធ្វើ ការ ទេ ? , Ask About Available Working Space
តើ នៅ សល់ បន្ទប់ ធ្វើ ការ ដែរ ទេ ? , Ask About Available Working Space
តើ នៅ សល់ បន្ទប់ ធ្វើ ការ ឬ ទេ ? , Ask About Available Working Space
តើ នៅ សល់ កន្លែង ធ្វើ ការ នៅ ទី នេះ ទេ ? , Ask About Available Working Space
តើ នៅ សល់ កន្លែង ធ្វើ ការ ទេ ? , Ask About Available Working Space
តើ នៅ សល់ កន្លែង ធ្វើ ការ ដែរ ទេ ? , Ask About Available Working Space
តើ នៅ សល់ កន្លែង ធ្វើ ការ ឬ ទេ ? , Ask About Available Working Space
តើ នៅ សល់ ការិយាល័យ នៅ ទី នេះ ទេ ? , Ask About Available Working Space
តើ នៅ សល់ ការិយាល័យ ទេ ? , Ask About Available Working Space
តើ នៅ សល់ ការិយាល័យ ដែរ ទេ ? , Ask About Available Working Space
តើ នៅ សល់ ការិយាល័យ ឬ ទេ ? , Ask About Available Working Space
តើ នៅ សល់ office នៅ ទី នេះ ទេ ? , Ask About Available Working Space
តើ នៅ សល់ office ទេ ? , Ask About Available Working Space
តើ នៅ សល់ office ដែរ ទេ ? , Ask About Available Working Space
តើ នៅ សល់ office ឬ ទេ ? , Ask About Available Working Space
តើ នៅ សល់ working -space នៅ ទី នេះ ទេ ? , Ask About Available Working Space
តើ នៅ សល់ working - space ទេ ? , Ask About Available Working Space
តើ នៅ សល់ working -space ដែរ ទេ ? , Ask About Available Working Space
តើ នៅ សល់ working -space ឬ ទេ ? , Ask About Available Working Space
